mom_id,date,e. Manufacture of dairy products,"(P). MANUFACTURE OF COMPUTER, ELECTRONIC AND OPTICAL PRODUCTS","e. Manufacture of cutlery, hand tools and general hardware",a. Manufacture of structural metal products,d. Manufacture of other porcelain and ceramic products,b. Manufacture of refractory products,h. Manufacture of man-made fibres,f. Manufacture of other textiles,a. Manufacture of tobacco products,(C). MANUFACTURE OF TOBACCO PRODUCTS,h. Manufacture of bakery products,g. Manufacture of starches and starch products,d. Manufacture of games and toys,(V). OTHER MANUFACTURING,n. Manufacture of other special-purpose machinery,b. Manufacture of batteries and accumulators,d. Manufacture of consumer electronics,"e. Manufacture of cement, lime and plaster",a. Manufacture of glass and glass products,g. Manufacture of other chemical products,d. Manufacture of pesticides and other agrochemical products,b. Manufacture of fertilizers and nitrogen compounds,a. Manufacture of electronic components,c. Manufacture of builders carpentry and joinery,c. Manufacture of sports goods,d. Manufacture of vegetable and animal oils and fats,b. Manufacture of musical instruments,(U). MANUFACTURE OF FURNITURE,"(S). MANUFACTURE OF MOTOR VEHICLES, TRAILERS AND SEMI-TRAILERS",j. Manufacture of metal-forming machinery and machine tools,f. Manufacture of lifting and handling equipment,(R). MANUFACTURE OF MACHINERY AND EQUIPMENT,g. Manufacture of other electrical equipment,f. Manufacture of domestic appliances,c. Manufacture of communication equipment,f. Manufacture of other fabricated metal products,"b. Manufacture of tanks, reservoirs and containers of metal",i. Manufacture of non-ferrous metals incl. precious metals,"f. Manufacture of articles of concrete, cement and plaster",c. Manufacture of clay building materials,c. Manufacture of plastics products,(J). MANUFACTURE OF CHEMICALS AND CHEMICAL PRODUCTS,c. Manufacture of other articles of paper and paperboard,(H). MANUFACTURE OF PAPER AND PAPER PRODUCTS,d. Manufacture of wooden containers,b. Manufacture of knitted and crocheted apparel,c. Manufacture of knitted and crocheted fabrics,(A). MANUFACTURE OF FOOD PRODUCTS,c. Manufacture of footwear,"d. Manufacture of bearings, gears, gearing and driving elements","e. Manufacture of cordage, rope, twine and netting",c. Manufacture of motor cycles,b. Manufacture of railway locomotives and rolling stock,(T). MANUFACTURE OF OTHER TRANSPORT EQUIPMENT,h. Manufacture of other general-purpose machinery,"e. Manufacture of ovens, furnaces and furnace burners",(Q). MANUFACTURE OF ELECTRICAL EQUIPMENT,f. Manufacture of watches and clocks,b. Manufacture of computers and peripheral equipment,(M). MANUFACTURE OF OTHER NON-METALLIC MINERAL PRODUCTS,b. Manufacture of other rubber products,(L). MANUFACTURE OF RUBBER AND PLASTICS PRODUCTS,"a. Manufacture of pulp, paper and paperboard",(G). MANUFACTURE OF WOOD AND OF PRODUCTS OF WOOD AND CORK  ,"d. Manufacture of made-up textile articles, except apparel",(D). MANUFACTURE OF TEXTILES,b. Manufacture of malt liquors and malt,p. Manufacture of prepared animal feeds,n. Manufacture of processed ready to eat food,"j. Manufacture of cocoa, chocolate and sugar confectionery",f. Manufacture of grain mill products,"b. Manufacture of luggage, handbags, saddlery and harness",d. Manufacture of bicycles and invalid carriages,e. Manufacture of medical and dental instruments and supplies,(N). MANUFACTURE OF BASIC METALS,l. Manufacture of Tea & Coffee products,a. Manufacture of wines & spirits,III   MANUFACTURED PRODUCTS,a. Manufacture of jewellery and related articles,a. Manufacture of furniture,e. Manufacture of other transport equipment,b. Manufacture of parts and accessories for motor vehicles,a. Manufacture of motor vehicles,i. Manufacture of agricultural and forestry machinery,g. Manufacture of office machinery and equipment,"c. Manufacture of other pumps, compressors, taps and valves",b. Manufacture of fluid power equipment,o. Manufacture of renewable electricity generating equipment,m. Manufacture of Processed condiments & salt,c. Manufacture of plastic and synthetic rubber in primary form,a. Manufacture of basic chemicals,(F). MANUFACTURE OF LEATHER AND RELATED PRODUCTS,"a. Manufacture of wearing apparel (woven), except fur apparel",(E). MANUFACTURE OF WEARING APPAREL,(B). MANUFACTURE OF BEVERAGES,o. Manufacture of Health supplements,h. Manufacture of other non-metallic mineral products,"i. Manufacture of sugar, molasses & honey"
2012-Apr,01-04-2012,116.55,200.88,20.76,103.14,22.25,22.32,29.64,20.09,51.36,51.36,21.46,10.96,0.48,106.42,46.83,23.57,64.1,164.48,29.5,69.23,45.37,148.5,40.24,3.56,1.24,264.29,0.12,72.67,496.85,22.36,28.51,478.9,20.59,36.6,31,72.84,65.95,169.26,29.25,12.11,141.78,646.51,30.6,111.32,11.88,22.09,19.3,912.17,31.79,34.02,9.78,130.21,10.98,164.78,43.68,0.84,292.97,7.55,33.64,320.18,27.18,229.85,49.3,77.18,29.85,488.07,22.53,35.63,2.43,17.5,200.95,7.54,11.7,4.94,964.63,37.08,40.83,6423.05,99.64,72.67,0.16,236.83,260.03,83.27,0.58,55.18,16.15,4.56,16.3,100.08,143.33,53.54,59.32,81.41,90.91,22.5,16.91,116.28
2012-May,01-05-2012,115.98,202.69,20.96,102.75,22.27,22.43,30.17,20.26,52.23,52.23,21.67,10.94,0.48,103.21,46.93,23.67,64.88,163.13,29.79,69.29,45.58,150.69,40.59,3.57,1.25,265.26,0.12,71.97,507.96,22.45,28.31,479.37,20.32,36.56,31.33,72.62,66.28,170.1,29.71,12.67,143.43,653.85,30.7,111.65,12.88,21.9,19.73,919.09,32.06,34.05,9.78,133.51,10.98,167.95,44.04,0.81,287.9,7.57,33.67,320.47,27.2,231.64,49.25,78.34,30.14,493.88,22.35,36.88,2.47,17.47,201.72,7.53,11.71,4.94,970.1,38.31,40.95,6466.49,96.48,71.97,0.16,236.83,271.45,83.75,0.58,51.91,16.11,4.57,16.37,101.11,145.66,54.2,59.58,81.49,91,23.23,17.13,117.4
2012-Jun,01-06-2012,116.77,202.08,20.84,103.83,22.27,22.34,29.58,20.52,52.37,52.37,21.81,10.94,0.48,100.12,47.44,23.78,64.23,165.08,29.79,70.03,45.45,153.58,40.16,3.59,1.24,263.57,0.12,71.69,496.85,22.39,28.68,483.58,20.81,37.35,30.67,73.42,66.92,172.93,29.74,12.87,143.71,657.52,30.45,111.43,11.53,22.07,20.04,923.41,32.28,34.55,9.82,135.5,11.02,170.11,46,0.85,290.16,7.57,33.67,322.56,27.23,232.09,49.73,77.4,30.49,496.78,22.5,37.76,2.4,17.97,205.57,7.63,11.79,4.94,970.1,39.43,40.55,6478.91,93.21,71.69,0.17,240.56,255.67,83.99,0.58,52.17,16.2,4.75,16.55,101.02,146.07,54.61,60.52,82.59,91,22.86,16.9,116.16
2012-Jul,01-07-2012,118.01,202.08,21.01,108.11,22.29,23.03,29.34,20.15,51.89,51.89,21.92,11.15,0.48,106.88,47.95,24.04,64.36,167.33,30.1,70.16,45.63,155.91,40.44,3.61,1.24,268.15,0.13,70.5,502.91,22.47,28.71,482.18,20.92,37.82,30.55,71.9,66.02,172.43,29.85,12.77,143.02,659.97,30.85,111.98,10.78,22.61,20.12,940.71,32.34,33.98,10.03,136.69,11.48,171.78,43.68,0.89,285.93,7.54,33.67,325.54,27.07,231.42,49.88,78.41,30.4,497.27,22.46,40.19,2.44,17.92,209.61,7.83,11.74,4.94,964.63,38.07,41.31,6509.94,100.18,70.5,0.17,239.86,262.75,84.56,0.58,52.22,16.21,4.75,16.35,101.2,145.25,54.92,60.21,82.81,91.98,23.59,16.6,121.33
2012-Aug,01-08-2012,117.67,202.29,21.01,107.04,21.69,23.73,30.02,19.83,52.23,52.23,21.96,12.07,0.47,102.87,48.13,24.4,64.94,165.38,29.99,70.3,46.23,156.05,40.12,3.62,1.23,269.83,0.12,72.11,501.9,22.43,28.37,483.58,21.16,38.46,30.85,73.71,66.28,174.09,29.6,13.44,144.4,664.26,30.57,112.19,11.22,22.91,20.12,959.73,32.59,35.34,10.34,134.57,11.92,170.11,43.8,0.89,288.75,7.55,33.71,324.05,26.56,232.09,50.17,78.98,30.63,504.05,22.48,42.36,2.45,18.23,215.77,8,11.8,4.94,958.26,37.63,41.96,6534.76,96.15,72.11,0.16,240.32,261.11,84.4,0.58,51.18,16.32,4.67,17.16,101.67,147.44,55.22,59.43,82.29,92.51,24.32,16.72,128.62
2012-Sep,01-09-2012,118.01,201.88,20.65,104.51,21.69,23.65,30.28,19.95,51.79,51.79,22.79,12.2,0.48,118.33,48.6,24.54,64.81,162.38,29.93,70.16,46.74,157.29,39.35,3.6,1.25,266.46,0.13,72.95,507.46,22.47,28.99,489.21,20.98,39.28,31.27,71.62,66.15,176.25,29.74,12.07,145.23,665.48,31.1,113.5,11.94,22.76,20.21,964.91,32.22,35.68,10.28,135.37,11.8,170.78,42.7,0.88,292.13,7.59,33.71,319.88,26.67,232.98,49.78,79.27,30.63,508.4,22.57,43.81,2.47,18.43,219.24,7.89,11.77,4.94,960.08,37.35,42.6,6571.99,111.73,72.95,0.16,239.39,267.91,84.4,0.58,55.44,16.5,4.65,17.16,102.61,146.34,54.61,59.38,82.07,93.4,24.43,16.82,132.21
2012-Oct,01-10-2012,116.66,205.51,20.72,104.8,21.74,23.56,30.08,19.74,52.03,52.03,22.5,12.03,0.48,122.57,46.88,24.23,66.44,161.18,30.13,70.3,46.4,157.43,40.75,3.63,1.25,252.73,0.11,73.79,530.18,22.47,29.07,489.21,20.67,39.28,30.55,73.63,66.28,174.09,29.77,12.77,145.64,664.26,30.85,113.5,12.76,22.95,19.98,947.62,32.09,35.74,10.32,136.29,11.85,171.61,43.68,0.78,293.53,7.58,33.71,319.28,26.86,233.21,49.73,80.14,30.55,506.47,22.9,44.14,2.43,18.19,220.39,8.02,11.73,4.94,956.43,36.88,42.68,6584.41,116.19,73.79,0.16,238.46,292.39,84.72,0.58,54.56,16.17,4.63,16.77,100.83,147.3,55.02,59.53,82.44,93.94,24.46,16.55,129.74
2012-Nov,01-11-2012,116.43,205.11,20.14,104.02,21.74,23.58,29.93,19.82,52.66,52.66,22.73,11.83,0.48,124.4,45.63,24.33,66.57,160.29,30.13,69.56,46.65,158.53,40.71,3.63,1.24,248.87,0.12,76.45,519.07,22.5,28.51,485.93,20.77,39.14,31,72.99,65.82,173.09,29.88,12.47,145.09,664.87,30.91,113.18,12.95,22.33,20.08,945.89,32.12,35.04,10.36,132.06,11.84,167.61,42.29,0.84,293.53,7.62,33.67,318.39,26.78,232.76,49.92,81.36,30.52,504.53,22.39,44.33,2.45,18.48,221.74,7.86,11.82,4.94,949.15,37.56,43,6553.38,117.93,76.45,0.17,238.23,281.24,84.8,0.58,55.08,16.24,4.74,16.62,100.83,147.44,54.92,60.67,83.02,93.85,23.83,16.91,130.75
2012-Dec,01-12-2012,115.3,205.71,20.18,103.05,22.08,23.56,30.52,19.89,52.86,52.86,22.79,12.12,0.48,114.55,47.39,24.3,66.24,155.19,30.13,69.76,46.31,157.84,40.63,3.64,1.24,243.81,0.12,75.47,523.61,22.76,28.37,483.12,20.61,39.03,30.85,71.98,66.21,174.92,29.8,12.44,145.09,666.71,31.01,113.5,13,22.5,20.31,939.84,32.12,34.91,10.18,129.01,11.78,164.61,43.96,0.78,296.35,7.62,33.71,313.92,26.88,233.43,50.17,81.73,30.72,504.53,22.59,43.05,2.47,18.4,221.74,7.77,12.04,4.94,943.68,38.2,43.4,6534.76,108.02,75.47,0.16,238.92,285.32,84.8,0.58,50.51,16.23,4.71,17.07,101.95,147.44,54.61,61.35,83.83,94.74,24.01,17.28,131.2
2013-Jan,01-01-2013,115.64,205.71,20.02,102.75,22.12,23.63,30.85,19.93,53.15,53.15,22.9,12.44,0.48,107.45,47.72,24.66,66.11,156.69,29.87,70.97,46.05,157.43,41.06,3.77,1.25,245.02,0.12,75.96,541.79,22.67,28.03,488.74,20.67,39.57,30.49,72.55,66.21,175.26,30.21,13,143.98,669.77,30.94,113.72,13.46,22.43,20.63,939.84,32.12,34.38,10.34,136.16,11.76,174.12,47.68,0.89,290.44,7.62,33.71,315.11,27.07,231.64,50.31,82.59,30.84,507.44,22.35,42.16,2.43,18.35,224.05,8.14,11.83,5.03,943.68,37.42,43.24,6565.79,100.62,75.96,0.17,241.96,300.55,85.04,0.58,52.79,15.97,4.68,17.58,103.64,148.67,54.97,59.69,82.07,95.01,24.01,16.79,128.17
2013-Feb,01-02-2013,115.98,203.49,20.12,104.41,22.12,23.5,30.82,19.78,53.24,53.24,22.85,12.39,0.48,113.29,48.18,24.91,63.38,158.79,29.87,71.1,45.97,157.84,41.29,3.79,1.26,244.06,0.12,76.38,542.3,22.72,28.34,490.15,20.55,39.68,31,74.43,66.21,174.42,30.4,13.13,145.5,670.38,31.72,114.7,13.56,21.77,20.67,939.84,32.49,33.98,10.48,131.26,11.76,169.28,47.51,0.82,289.87,7.68,33.71,318.39,26.3,231.42,50.31,82.37,30.69,511.79,22.15,41.9,2.46,18.47,225.78,7.89,12.01,5.03,934.57,37.15,43.36,6565.79,106.5,76.38,0.17,239.16,304.09,85.2,0.58,52.95,15.95,4.36,17.74,104.1,148.12,54.71,59.69,81.49,95.1,23.41,17.02,127.72
2013-Mar,01-03-2013,116.77,205.31,20.16,105.38,22.72,23.24,30.67,20.01,53.92,53.92,22.94,12.29,0.48,105.16,47.85,25.03,64.16,157.89,29.96,71.37,46.05,159.49,42.61,3.79,1.25,240.92,0.12,74.84,558.96,23.36,28.68,492.02,20.73,39.86,30.94,74.79,66.08,173.59,30.15,13.2,147.16,672.22,31.28,114.59,13.07,21.85,20.92,940.71,32.34,34.71,10.66,130.21,12.06,168.61,47.55,0.84,289.03,7.64,33.71,316.9,26.16,232.76,50.89,82.23,30.84,517.12,22.24,42.92,2.45,18.33,227.13,8.17,12.02,5.03,940.04,39.8,43.16,6590.61,98.33,74.84,0.16,240.79,319.59,85.45,0.58,52.9,15.95,4.35,17.63,103.73,147.71,55.38,58.08,79.88,95.55,23.54,17.11,125.48
2013-Apr,01-04-2013,118.92,204.1,19.79,104.9,22.57,23.65,30.17,20.6,54.55,54.55,23.42,12.25,0.49,106.53,48.55,25.67,64.55,156.69,30.21,72.37,46.74,158.39,40.94,3.89,1.24,240.44,0.13,76.17,536.24,23.6,28.82,496.24,21.08,40.03,30.34,74.28,66.21,173.09,30.65,12.81,149.23,674.05,32.37,117.54,13.5,23.47,21.2,957.13,32.93,34.35,10.64,128.48,12.06,166.95,48.74,0.79,287.9,7.97,34.8,316.9,26.32,236.34,52.2,82.81,31.21,522.45,23.25,44.4,2.53,18.14,235.02,8.2,12.01,5.21,940.95,41.63,43.6,6609.23,99.42,76.17,0.17,241.02,295.66,86.25,0.58,53.21,16.03,4.15,17.74,103.45,148.4,56.04,60.52,83.9,97.24,25.35,16.79,124.69
2013-May,01-05-2013,120.38,206.72,20.16,101.49,21.99,23.33,30.05,20.97,52.57,52.57,23.58,11.84,0.5,103.55,49.06,26.3,64.23,158.04,30.13,72.24,45.15,158.53,40.9,3.83,1.2,240.68,0.13,76.17,530.68,23.52,29.13,494.36,20.96,40.21,32.65,74.43,66.21,170.26,30.29,13.21,150.89,673.44,32.4,117.86,13.15,23.58,21.12,964.91,33.3,34.35,10.75,132.45,12.17,170.95,47.72,0.77,286.78,7.97,34.41,316.9,26.94,239.7,52.44,83.17,31.13,522.45,23.03,44.99,2.53,18.35,236.75,8.47,11.92,5.21,931.84,43.03,43.68,6603.02,96.48,76.17,0.17,241.72,289.13,83.83,0.58,54.35,16.11,4.14,18.39,103.36,148.67,56.85,60.98,84.49,96.97,25.61,16.16,125.93
2013-Jun,01-06-2013,120.84,206.72,20.06,101.98,22.29,23.31,30.49,20.89,55.23,55.23,23.6,12,0.51,102.52,49.94,25.93,64.81,161.63,29.96,72.64,45.84,159.62,40.36,3.83,1.22,243.09,0.14,74.35,538.76,23.43,28.62,491.08,20.98,39.96,33.34,72.7,66.15,169.6,30.37,13.15,150.89,678.95,33.02,118.63,13.36,23.94,21.11,972.7,33.48,34.11,10.65,134.31,12.32,174.62,47.1,0.68,290.44,7.97,34.31,320.77,26.62,239.7,52.73,83.82,31.27,527.77,23.7,45.42,2.52,18.07,240.03,8.59,12.24,5.21,925.46,42.69,43.8,6627.85,95.39,74.35,0.17,243.59,295.66,84.4,0.58,53.36,16.21,4.2,18.77,105.6,148.81,57.36,60.36,84.2,97.42,26.97,16.44,124.69
2013-Jul,01-07-2013,121.74,206.52,20.55,101.2,22.31,23.73,30.76,21.5,55.28,55.28,23.85,12.44,0.51,106.65,48.83,25.57,64.49,161.03,30.19,73.44,47,160.31,41.06,3.82,1.25,245.5,0.13,74.56,542.8,23.52,28.59,487.8,20.75,40.03,33.25,73.92,66.34,171.76,30.51,13.17,154.34,686.3,31.93,117.75,13.6,23.62,21.24,977.88,33.76,33.88,10.84,133.78,12.34,174.28,48.12,0.82,289.59,7.97,34.31,321.37,26.72,243.73,52.73,84.68,31.47,536.49,23.08,45.48,2.49,18.69,240.8,8.36,12.36,5.21,927.29,42.65,44.29,6665.08,99.64,74.56,0.17,242.89,300.55,84.64,0.58,53.52,16.2,4.31,18.3,108.69,149.76,57.57,61.71,85.29,96.97,26.79,16.41,124.36
2013-Aug,01-08-2013,123.43,209.14,21.01,102.66,22.33,23.88,31.38,21.44,55.47,55.47,23.98,12.61,0.51,110.66,51.52,25.81,65.27,158.04,30.58,73.91,47.6,160.04,41.95,3.8,1.27,249.36,0.13,77.15,546.84,23.38,28.62,492.49,20.89,40.07,33.28,74.57,66.34,177.92,30.15,13.2,156.13,690.58,32.24,118.74,13.84,23.3,21.41,985.67,34.56,33.65,10.94,133.78,12.34,174.28,46.53,0.84,292.69,8.18,34.73,318.98,27.29,245.52,53.36,85.48,31.7,544.23,23.67,45.84,2.47,18.86,240.99,8.58,12.37,5.25,923.64,42.65,43.96,6708.52,103.56,77.15,0.16,241.26,306.54,85.12,0.58,57.42,16.23,4.21,18.7,109.34,151.68,58.84,62.33,85.59,97.33,27.28,17.22,122.9
2013-Sep,01-09-2013,127.05,210.55,20.55,103.34,22.35,23.78,32.41,21.65,55.13,55.13,23.85,12.6,0.52,109.4,51.01,26.04,65.14,159.09,30.21,74.98,48.11,160.31,42.26,3.81,1.25,252.25,0.13,78.62,553.41,23.67,29.15,493.43,21.3,40.93,33.04,75.07,66.6,182.41,30.37,13.09,158.89,699.77,33.39,120.04,13.82,24.54,21.52,993.45,34.72,33.78,11.02,132.98,12.32,173.28,47.43,0.76,294.94,8.35,34.73,319.88,27.18,248.2,53.36,85.12,31.88,550.53,23.74,46.27,2.53,18.99,240.99,8.8,12.14,5.25,936.39,43.03,43.92,6770.58,102.25,78.62,0.16,241.72,313.06,84.96,0.58,57.42,16.23,4.18,19.14,113.55,154.01,59.2,62.75,87.2,97.42,27.06,17.04,122.45
2013-Oct,01-10-2013,129.08,207.93,20.7,101.29,21.1,24.29,32.17,21.93,55.23,55.23,23.73,12.68,0.51,121.88,50.78,26.42,65.46,159.39,30.47,74.85,48.41,159.9,41.49,3.76,1.25,253.69,0.14,79.25,546.34,23.58,29.32,495.77,21.12,41.11,32.02,74.35,66.73,180.25,30.84,12.93,161.24,699.77,32.37,120.26,13.82,24.35,21.77,996.91,34.41,34.85,11.3,129.81,12.28,170.28,49.14,0.77,295.78,8.36,34.73,320.18,26.27,249.99,53.94,85.04,31.82,551.01,23.45,46.66,2.54,19.62,240.99,8.74,12.34,5.25,933.66,42.21,44.21,6776.79,114.99,79.25,0.17,242.19,304.9,85.04,0.58,57.26,16.35,4.18,18.37,113.08,153.73,58.89,61.45,85.66,97.51,28.48,16.85,121.44
2013-Nov,01-11-2013,130.32,206.31,20.63,102.27,21.08,24.16,31.79,21.77,55.66,55.66,23.83,12.49,0.51,107.56,50.73,27.01,65.85,158.49,30.5,74.92,48.45,160.45,41.25,3.81,1.25,257.31,0.13,78.48,536.74,23.58,29.52,498.58,21.3,41.54,31.06,74.93,66.66,180.25,31.33,13.4,160.83,699.77,33.27,121.13,15.09,24.09,21.58,1001.23,34.41,34.21,11.35,128.35,12.34,168.95,49.47,0.82,299.16,8.36,34.73,319.88,26.43,249.77,54.23,87.5,31.91,545.2,23.54,46.17,2.47,19.18,242.72,8.77,12.39,5.25,931.84,41.4,44.73,6758.17,100.4,78.48,0.17,239.16,298.11,85.2,0.58,57.16,16.24,4.14,18.75,112.52,153.87,59.15,62.75,86.76,98.4,27.64,16.76,119.98
2013-Dec,01-12-2013,131.11,206.11,20.76,101.39,20.71,24.72,31.46,21.91,56.78,56.78,23.75,12.48,0.51,103.32,49.11,26.54,63.64,157.14,30.61,74.58,48.75,160.17,42.58,3.8,1.25,257.55,0.14,79.46,531.69,23.63,29.6,498.58,21.57,41.29,31.27,75.87,65.82,177.92,31.5,13.62,161.66,702.22,33.67,121.9,14.23,24.07,21.73,996.91,34.62,35.04,11.36,127.82,12.36,171.45,50.29,0.89,301.13,8.4,34.66,319.58,26.32,250.44,54.81,87.35,31.82,545.2,23.9,44.99,2.51,19.19,240.03,8.89,12.38,5.29,937.31,40.21,45.21,6764.38,96.15,79.46,0.17,241.72,290.22,85.61,0.58,57.11,16.21,4.12,18.74,112.43,156.61,59.81,63.11,87.12,99.92,27.3,16.66,121.66
2014-Jan,01-01-2014,134.05,207.73,20.55,102.56,21.8,24.23,31.26,21.65,55.18,55.18,23.98,12.43,0.51,109.85,49.38,26.94,65.66,158.34,30.44,75.12,48.5,160.31,41.18,3.76,1.26,254.66,0.15,80.72,544.82,23.56,29.38,496.24,21.45,41.57,31.72,76.73,66.86,180.42,31.39,13.89,161.93,702.83,33.54,121.68,15.59,24.65,21.77,989.99,34.53,33.92,11.35,131.26,12.29,174.78,50.7,0.86,300.85,8.42,34.66,321.07,26.24,250.67,54.86,87.71,32.52,548.11,24.14,44.53,2.5,19.64,239.64,8.82,12.37,5.32,946.41,39.43,45.05,6795.4,102.58,80.72,0.16,238.69,307.35,85.61,0.58,56.48,16.18,4.07,18.98,113.36,156.61,59.76,64.25,88.81,99.74,27.06,16.52,115.83
2014-Feb,01-02-2014,134.39,209.54,20.82,103.44,21.8,24.08,31.23,21.69,56.29,56.29,24.1,12.38,0.52,114.44,50.03,27.1,65.53,162.08,30.44,74.98,47.51,160.72,43.47,3.83,1.26,254.42,0.15,80.51,544.32,23.69,29.38,500.92,21.49,41.25,31.36,76.08,66.6,181.58,31.31,13.1,162.76,706.5,33.51,122.88,15.08,24.39,21.75,995.18,34.44,33.98,11.76,125.71,12,168.95,52.08,0.67,298.88,8.43,34.66,323.75,26.24,250.89,55.29,88.15,32.6,551.01,23.96,44.82,2.52,19.55,242.14,8.78,12.39,5.32,950.97,39.26,45.17,6820.23,107.26,80.51,0.17,241.02,304.09,85.77,0.58,57.63,16.26,4.1,19.07,116.64,158.8,59.71,63.42,87.78,99.74,27.12,16.4,118.07
2014-Mar,01-03-2014,136.31,208.33,20.84,101.78,22.12,24.12,30.67,21.93,57.31,57.31,24.13,12.41,0.52,119.25,49.99,27.1,64.55,162.38,30.58,75.25,49.31,161.68,43.08,3.8,1.25,258.75,0.14,80.65,553.91,23.98,29.83,503.73,21.4,41,31.81,77.74,66.4,181.41,31.58,14.06,163.86,711.4,35.21,123.97,14.61,24.76,21.66,1006.42,34.5,34.78,11.74,130.34,11.77,173.45,51.51,0.68,301.69,8.53,34.59,325.84,26.3,252.9,55.68,87.14,32.84,550.04,24.25,45.35,2.59,19.28,241.76,8.71,12.45,5.32,956.43,39.63,44.85,6869.88,112.16,80.65,0.17,243.82,311.16,86.01,0.58,57.88,16.3,4.1,18.95,118.23,159.76,59.4,62.49,87.12,100.19,27.12,16.29,122.11
2014-Apr,01-04-2014,138.11,210.34,21.29,102.66,22.42,24.06,30.82,21.79,56.78,56.78,24.23,12.35,0.53,121.54,49.06,27.74,65.4,162.83,31.46,75.25,50.81,160.59,42.3,3.88,1.32,259.47,0.14,80.58,548.36,23.76,29.66,505.61,21.61,41.22,32.71,78.32,66.73,177.09,31.64,13.86,164.55,712.62,34.63,125.28,15.04,24.39,21.68,1021.98,35.7,34.98,11.89,129.41,11.69,172.45,53.59,0.87,303.95,8.89,35.33,327.03,25.92,253.13,56.65,87.28,32.69,552.95,24.23,46.14,2.63,19.71,245.8,8.92,12.53,5.37,942.77,42.96,45.01,6888.49,114.34,80.58,0.17,242.65,306.81,86.98,0.79,58.09,16.49,4.04,19.31,118.6,159.35,61.44,64.15,88.44,100.1,27.7,15.96,126.83
2014-May,01-05-2014,139.58,212.36,21.11,103.92,22.14,24.38,30.17,21.79,56.15,56.15,24.52,12.31,0.54,116.84,48.97,27.48,65.4,162.08,31.09,75.92,50.81,161.82,41.84,3.9,1.33,256.82,0.15,81.9,545.83,23.87,30.36,506.08,21.34,41.5,32.8,81.05,66.73,177.25,31.83,14.44,164.14,713.85,34.84,125.71,15.66,24.2,21.35,1020.25,35.55,34.88,11.96,132.59,11.69,175.78,53.55,0.76,305.63,8.9,36.1,326.14,26.08,252.46,56.84,89.59,32.86,556.82,24.58,47.35,2.7,19.57,244.45,8.86,12.71,5.37,947.33,42.89,45.33,6907.11,109.55,81.9,0.17,245.22,301.37,86.82,0.79,58.77,16.47,4.05,19.61,117.39,159.89,61.39,64.25,88.44,100.45,28.1,15.53,125.25
2014-Jun,01-06-2014,140.03,214.58,20.9,103.34,22.72,24.23,30.23,21.95,57.31,57.31,24.9,12.27,0.54,114.21,50.68,27.74,65.79,165.68,31.58,75.32,51.71,162.92,41.1,3.91,1.32,252.25,0.14,82.6,539.27,23.89,30.67,507.01,21.77,41.22,31.78,81.85,66.79,179.25,32.43,13.66,164.69,715.07,34.78,125.17,15.57,24.57,21.56,1015.93,35.98,35.34,12.02,134.31,12.04,177.95,51.88,0.82,303.95,8.89,40.4,330.31,26.08,253.57,56.36,89.8,32.81,554.89,24.65,47.16,2.73,19.87,243.11,8.86,12.8,5.37,965.54,43.26,45.17,6919.52,106.93,82.6,0.17,244.29,295.39,86.82,0.79,59.55,16.68,4.15,20.03,116.36,159.62,61.8,65.13,89.61,100.54,27.99,15.57,126.26
2014-Jul,01-07-2014,140.71,214.58,20.53,104.6,22.74,24.08,30.67,21.98,57.89,57.89,24.9,12.34,0.54,112.83,49.06,27.83,65.59,170.17,31.89,75.65,51.54,162.92,40.36,3.94,1.32,253.21,0.15,81.76,544.82,23.87,30.56,503.27,21.71,41.72,32.26,79.54,66.6,183.41,32.38,14.55,165.24,717.52,34.84,125.39,15.31,24.63,21.73,1019.39,35.86,35.28,11.95,133.12,11.74,176.62,54.53,0.68,307.04,8.91,42.55,336.27,25.79,253.57,56.36,90.45,33.15,560.21,24.34,47.25,2.75,19.42,246.57,8.98,12.83,5.37,965.54,41.33,45.25,6938.14,105.52,81.76,0.16,244.75,300.83,87.38,0.79,55.29,16.85,4.2,19.66,118.04,159.21,61.75,63.73,88.3,100.36,27.92,15.2,126.26
2014-Aug,01-08-2014,141.39,216.59,20.55,103.83,23.01,24.33,30.99,22,60.51,60.51,25.06,12.29,0.54,121.54,50.36,27.36,65.27,168.37,31.95,75.12,50.68,162.92,40.05,4.02,1.32,249.36,0.16,81.83,550.38,23.85,29.94,502.33,22.04,41.86,31.48,80.19,66.86,185.41,32.38,14.49,165.11,719.97,34.32,124.95,15.05,24.63,21.62,1021.11,36.07,35.61,11.82,138.28,11.46,181.45,51.35,0.66,312.11,8.94,44.7,335.08,26.22,254.25,56.84,89.59,33.04,558.28,24.56,46.83,2.76,20.25,248.69,9.19,12.82,5.37,962.81,42.45,45.37,6969.17,114.34,81.83,0.17,244.05,306.81,87.63,0.79,54.77,16.9,4.09,20.14,121.59,159.89,62.51,65.7,90.35,100.99,28.97,15.46,125.7
2014-Sep,01-09-2014,141.28,217.19,20.72,104.22,22.48,24.46,30.96,22.08,59.73,59.73,25.25,12.38,0.54,116.04,51.24,27.57,65.14,166.43,31.95,75.79,53.12,163.2,41.56,4.02,1.33,244.06,0.16,81.55,564.01,24.14,29.52,506.55,22.04,41.9,31.6,80.26,65.37,185.74,32.43,15.07,164.28,723.03,35.15,125.28,14.55,25.43,21.89,1013.33,35.55,35.41,12.09,141.45,11.6,184.62,52.98,0.67,311.54,8.94,44.84,332.7,25.65,253.13,55.97,88.87,33.3,552.95,24.54,46.17,2.74,20.3,248.3,9.02,12.75,5.37,952.79,41.91,45.65,6962.96,108.68,81.55,0.17,246.15,318.78,86.98,0.79,54.82,17.13,4.15,20.38,121.03,159.62,61.8,66.53,91.88,101.26,28.73,14.7,123.91
2014-Oct,01-10-2014,140.6,217.6,20.72,104.41,23.35,24.25,30.61,22.41,60.26,60.26,25.21,12,0.54,131.85,49.99,27.78,66.44,166.58,32.46,75.45,52.22,163.61,40.05,4.13,1.32,241.89,0.16,83.37,555.43,24.14,29.35,507.48,22.14,41.93,31.36,80.77,66.08,184.41,32.38,14.47,164.28,718.75,34.69,124.84,15.04,25.28,21.52,1005.55,36.07,35.28,11.95,141.06,11.38,184.12,51.47,0.72,313.23,8.96,44.84,332.4,25.41,252.23,56.07,90.31,33.27,545.2,24.98,44.96,2.72,20.19,248.11,9.21,12.73,5.37,951.88,40.85,45.85,6956.76,124.79,83.37,0.17,246.38,309.8,86.9,0.79,57.83,17.13,4.16,19.65,120.47,157.43,62.51,66.79,92.03,101.97,28.81,13.8,121.89
2014-Nov,01-11-2014,140.71,216.99,21.44,103.83,23.35,24.23,29.67,22.26,60.36,60.36,25.29,11.84,0.54,120.74,49.48,27.74,65.92,163.28,32.37,74.72,52.22,164.02,40.28,4.17,1.32,238.27,0.16,81.14,563,24.16,28.87,510.29,22.1,42.29,32.11,77.88,66.21,185.91,32.16,14.34,162.76,717.52,33.79,124.08,14.65,24.91,21.26,996.91,35.89,35.11,12.32,135.89,11.12,178.62,55.19,0.71,310.7,8.94,44.84,328.82,25.39,250.44,55.73,90.38,33.39,537.94,24.87,44.17,2.67,20.19,244.84,9.04,12.8,5.37,940.95,41.74,46.17,6907.11,113.47,81.14,0.16,246.62,317.42,87.55,0.79,56.01,17.31,4.16,20.28,122.34,155.24,61.8,66.01,90.86,102.42,28.24,14.17,121.55
2014-Dec,01-12-2014,138.23,220.22,21.56,104.7,23.35,24.78,29.34,22.06,60.99,60.99,25.29,11.85,0.54,117.53,49.76,27.13,66.57,164.93,32.09,73.51,50.81,164.29,41.49,4.23,1.32,237.07,0.16,81.42,556.43,24.2,28.79,506.55,21.91,41.75,31.84,78.75,66.28,184.24,31.61,15.21,160.14,704.67,33.57,123.53,14.38,24.98,21.47,987.39,35.4,35.71,12.23,125.97,11.29,168.78,51.1,0.68,308.45,8.92,44.84,331.8,25.2,247.76,55.88,90.38,34.08,536,24.54,44.2,2.66,20.33,242.34,8.87,12.68,5.37,930.93,41.7,46.09,6857.46,110.2,81.42,0.16,248.95,308.17,87.95,0.79,55.96,17.22,4.16,20.1,114.67,153.32,61.39,65.03,89.98,102.33,28.33,14.3,118.52
2015-Jan,01-01-2015,139.02,219.41,21.52,104.22,23.4,24.42,28.13,21.85,60.84,60.84,25.13,11.91,0.54,127.84,50.82,27.38,66.57,168.37,32.83,74.11,52.65,163.47,41.02,4.25,1.33,240.2,0.15,82.32,562.49,24.11,29.52,508.42,21.93,41.54,32.68,78.75,70.62,178.58,31.74,14.47,155.58,697.32,32.43,121.9,15.17,24.74,21.28,989.99,35.36,35.44,12.72,136.42,11.3,179.29,49.92,0.67,306.48,8.94,44.8,334.49,25.12,243.06,55.54,90.81,34.08,531.65,24.31,44.5,2.69,20.45,243.49,8.81,12.72,5.39,925.46,39.87,45.49,6863.67,120.65,82.32,0.17,247.08,316.06,87.95,0.79,55.86,17.4,4.2,20.56,110.09,150.04,61.14,64.41,89.1,101.7,27.75,14.06,117.85
2015-Feb,01-02-2015,138.34,217.6,21.46,105.19,23.42,26.09,27.72,21.59,62.49,62.49,25.29,11.74,0.54,126.01,50.82,27.27,63.9,166.88,32.26,73.31,52.48,164.16,42.15,4.32,1.33,239,0.15,80.72,561.48,24.6,29.46,513.11,22.36,41.57,32.65,79.76,71.2,175.75,31.47,13.02,154.89,691.81,32.74,121.57,14.2,24.76,20.82,984.8,35.09,35.71,12.63,130.6,11.09,173.28,52.98,0.69,306.48,8.9,44.8,331.8,24.98,242.38,55.58,90.09,33.91,530.19,24.45,44.56,2.71,20.28,242.91,8.67,12.75,5.39,915.44,38.24,44,6832.64,118.91,80.72,0.17,247.32,315.24,88.43,0.79,55.86,17.41,4.29,20.66,105.69,150.59,60.47,63.89,88.59,99.92,28.55,13.91,114.59
2015-Mar,01-03-2015,138,219.21,21.46,106.16,23.91,26.6,27.87,21.54,62.88,62.88,25.71,11.83,0.54,121.88,51.56,27.1,64.03,167.63,33.03,73.71,51.24,165.26,42.3,4.58,1.4,238.51,0.15,78.9,562.49,24.56,29.94,512.64,22.36,41.43,32.98,82.35,71.01,174.42,31.14,12.49,158.07,696.71,33.92,123.42,14.69,24.5,20.61,975.29,34.96,34.95,12.76,130.47,10.97,173.28,53.55,0.72,307.32,8.98,44.8,334.19,25.01,245.52,55.88,90.81,33.76,530.68,25.02,44.76,2.73,20.44,238.68,8.65,12.87,5.44,906.34,38.14,43.8,6826.43,114.56,78.9,0.18,248.25,314.97,88.6,0.79,55.39,17.41,4.19,20.4,110.46,150.45,60.32,65.03,89.47,100.36,28.26,13.83,110.33
2015-Apr,01-04-2015,139.36,212.76,21.56,104.41,22.44,26.71,27.78,21.71,64.04,64.04,25.42,11.98,0.54,133.91,52.07,27.48,63.9,165.23,32.12,73.91,52.1,165.53,39.54,4.58,1.38,237.31,0.16,77.92,555.93,24.6,29.88,510.29,22.12,41.43,31.3,78.32,71.14,176.09,31.85,12.49,161.79,697.32,33.98,122.23,14.64,25.32,20.31,978.75,34.96,34.61,13.05,128.35,10.92,171.11,50.61,0.6,312.11,9,44.84,329.12,24.69,248.65,55.44,90.38,33.99,529.71,25.02,46.07,2.74,20.66,235.02,8.66,12.91,6.16,903.6,41.87,43.96,6832.64,125.88,77.92,0.17,248.48,307.9,89.73,0.74,55.44,17.46,4.15,20.45,112.62,148.4,60.37,69.12,94.45,100.81,28.86,13.71,111.56
2015-May,01-05-2015,138.79,216.59,21.52,104.31,23.69,26.37,28.9,21.81,63.8,63.8,25.15,11.77,0.54,141.93,52.35,27.88,64.68,162.38,31.83,73.71,52.65,166.08,41.88,4.56,1.38,239.24,0.16,78.76,558.96,24.62,29.32,516.39,22.06,41.82,30.91,78.75,71.59,178.25,31.72,11.57,162.21,701.6,34.07,122.55,14.55,24.89,20.29,977.88,35.4,34.85,12.98,130.73,10.92,173.45,52.61,0.66,308.17,9.02,44.84,326.44,24.74,249.1,55.73,94.56,34.08,531.16,24.91,47.55,2.76,19.57,233.87,8.98,12.9,6.16,895.4,42.38,43.56,6857.46,133.94,78.76,0.17,250.58,308.98,89.65,0.74,57.78,17.8,4.22,20.8,114.21,148.81,60.88,70.53,95.54,100.36,28.86,13.92,109.43
2015-Jun,01-06-2015,138.57,216.99,21.62,104.12,23.69,26.3,28.31,21.83,64.86,64.86,25.1,11.78,0.54,131.73,53.37,28.21,65.98,162.23,32.23,74.98,52.57,165.81,41.68,4.61,1.36,240.92,0.16,76.87,559.46,24.65,29.49,520.6,22.04,41.97,31.15,79.11,71.72,176.75,31.94,11.48,162.48,700.99,33.95,122.77,14.44,24.67,20.21,977.88,36.17,35.18,13.09,133.91,10.92,176.62,53.19,0.68,312.39,9.06,44.84,326.73,24.98,248.2,55.73,94.49,33.82,533.58,25.13,47.98,2.79,20.16,235.41,9.67,12.9,6.16,884.47,42.69,44.09,6845.05,123.59,76.87,0.18,248.95,311.43,89.4,0.74,60.48,17.63,4.22,21.19,113.08,148.67,62.36,69.23,94.01,101.08,28.41,13.83,105.05
2015-Jul,01-07-2015,140.15,217.4,21.69,101.29,23.72,26.13,28.22,21.77,63.17,63.17,25.58,11.75,0.55,133.79,51.52,28.42,65.2,164.48,32.34,73.65,53.51,166.08,41.06,4.56,1.38,240.68,0.18,78.34,561.99,24.51,29.32,516.39,22.08,42.57,31.27,79.04,71.4,170.93,31.94,11.41,159.86,699.16,32.71,122.44,14.75,24.35,20.27,978.75,36.48,35.11,13.05,134.31,10.9,176.79,55.39,0.58,310.42,9.06,44.84,329.12,25.01,245.74,56.07,95.07,34.11,534.07,25.2,48.17,2.85,20.54,236.37,9.62,12.77,6.16,864.43,42.96,44.25,6820.23,125.66,78.34,0.18,248.71,313.88,90.21,0.74,55.7,17.48,4.23,20.85,111.87,147.57,62.51,69.02,93.49,101.43,28.99,13.68,101.01
2015-Aug,01-08-2015,139.02,216.39,21.83,102.17,23.48,26.05,27.98,21.93,65.15,65.15,25.81,12.1,0.57,124.4,51.75,28.3,64.81,166.28,32.34,73.38,52.57,167.18,40.94,4.59,1.35,235.86,0.17,81.21,555.93,24.45,29.18,513.57,21.77,42.36,31.27,78.1,71.27,167.6,31.96,11.67,158.62,694.26,33.61,122.88,15.18,25.15,19.96,982.21,36.48,34.85,13.27,136.42,10.9,179.29,53.88,0.56,307.89,9.1,44.87,331.5,24.53,243.73,55.73,94.56,33.56,531.16,24.29,50.31,2.86,21,237.72,9.74,12.96,6.21,834.37,42.69,44.29,6776.79,116.08,81.21,0.18,250.11,305.99,89.48,0.74,55.39,17.63,4.07,21.1,108.87,146.62,63.08,69.8,95.03,100.9,29.57,14.22,103.59
2015-Sep,01-09-2015,140.26,217.4,21.97,102.75,22.99,24.78,27.31,21.79,64.62,64.62,25.73,12.32,0.57,137,51.1,28.35,65.66,167.78,32.57,72.71,52.95,168,41.21,4.56,1.34,235.62,0.19,77.57,556.94,24.62,29.29,507.48,21.79,42.5,31.27,78.46,70.23,167.93,31.83,11.52,156.41,691.81,33.51,123.75,14.98,25.69,20.08,987.39,36.35,34.68,13.26,136.56,10.96,179.29,52.61,0.58,304.79,9.1,44.87,331.21,24.61,241.49,56.21,93.77,33.73,528.26,24.4,50.93,2.86,20.8,239.45,9.58,12.85,6.21,839.84,42.79,44.29,6776.79,128.82,77.57,0.17,251.28,306.26,89.24,0.74,55.08,17.61,4.11,21.49,108.13,145.25,62.77,68.3,93.93,100.9,30.15,13.86,105.72
2015-Oct,01-10-2015,140.15,218.81,22.1,101.98,23.72,25.58,27.01,22.24,63.55,63.55,25.96,12.44,0.57,138.72,51.47,28.42,67.54,167.78,32.71,72.71,53.17,167.73,40.67,4.58,1.38,238.76,0.19,78.62,562.49,24.14,29.32,512.64,21.67,42.61,31.42,77.6,69.71,167.1,32.1,12.51,156.82,689.36,32.89,123.1,14.65,25.88,20.15,995.18,36.04,34.38,13.35,135.37,10.96,178.12,52.9,0.61,305.07,9.06,44.94,333.89,24.8,241.49,55.83,94.13,33.94,526.32,24.25,51.79,2.84,20.92,242.53,9.55,12.85,6.21,834.37,41.84,44.73,6789.2,130.56,78.62,0.17,253.14,309.8,90.05,0.74,55.03,17.72,4.09,21.41,107.56,143.6,61.6,68.76,94.59,101.97,29.84,13.99,108.19
2015-Nov,01-11-2015,139.24,219.41,22.04,102.27,23.72,25.47,26.92,22.3,63.51,63.51,26.15,12.5,0.57,137,51.7,28.47,68.52,167.03,32.77,72.31,52.74,166.77,39.58,4.6,1.38,237.79,0.17,78.83,561.99,24.14,28.96,511.7,21.53,42.43,32.02,78.24,69.84,164.94,32.05,12.54,156.41,685.07,32.83,123.1,15.06,25.34,20.32,989.99,36.04,34.38,13.61,133.65,11.22,176.62,52.29,0.61,303.66,9.06,44.94,332.4,24.4,240.82,55.78,94.13,34.02,524.87,24.23,51.1,2.87,20.19,238.29,9.71,12.83,6.21,812.51,41.97,45.09,6751.96,128.93,78.83,0.17,253.14,309.53,90.05,0.74,55.23,17.64,4.1,21.24,105.97,142.65,61.75,69.38,94.74,102.33,31.3,13.57,109.09
2015-Dec,01-12-2015,140.49,218.4,21.38,101.49,23.95,25.62,26.83,22.39,64.91,64.91,26.06,12.78,0.57,137.57,52.72,28.47,66.96,165.08,32.71,71.5,52.1,166.77,40.32,4.62,1.4,237.07,0.17,78.97,561.48,22.65,28.93,510.76,21.63,42.65,32.02,77.16,70.56,160.44,32.02,12.54,154.06,680.18,33.08,123.32,14.9,24.7,20.25,997.77,36.44,34.28,13.57,133.65,11.22,176.62,52.12,0.61,302.82,9.05,44.98,331.21,24.16,238.13,55.83,93.34,34.4,525.84,24.2,51.49,2.88,20.31,242.34,9.54,12.82,6.25,792.47,41.43,44.85,6727.14,129.26,78.97,0.17,252.44,309.53,90.13,0.74,55.13,17.64,4.09,21.56,104.01,141.55,62.62,69.12,93.93,102.24,31.62,13.33,112.12
2016-Jan,01-01-2016,139.24,219.21,22.22,101.49,23.27,25.23,26.72,22.02,63.6,63.6,26,12.89,0.57,123.26,52.63,28.28,67.41,162.68,32.91,70.7,52.52,167.04,40.47,4.69,1.4,234.42,0.19,79.32,560.47,22.58,28.93,507.01,21.47,42.72,32.02,76.95,71.27,159.94,31.77,12.21,152.82,678.34,32.96,123.32,14.94,25.36,19.83,999.5,37.03,34.91,13.67,135.37,11.22,178.29,50.29,0.61,303.66,9.15,44.98,327.33,23.62,235.89,56.07,93.27,34.2,521.96,24.36,52.05,2.91,21.16,240.99,9.7,12.82,6.25,789.74,41.26,44.97,6702.32,114.77,79.32,0.17,251.51,309.53,89.89,0.74,55.29,17.63,4.1,22.13,102.61,141.14,62.67,69.07,94.45,102.5,31.57,13.33,117.73
2016-Feb,01-02-2016,139.58,220.62,22.2,101.68,23.74,24.33,26.81,21.77,65.01,65.01,26.04,12.78,0.57,135.51,53.14,28.42,66.37,161.93,32.74,70.43,52.18,167.04,42.54,4.68,1.39,236.35,0.19,79.04,558.45,22.61,28.85,506.55,21.63,42.65,32.02,77.31,70.56,161.11,31.44,12.47,152.68,677.12,32.37,122.33,15.07,24.78,19.98,1003.82,36.97,35.14,13.66,134.44,11.22,177.29,50.33,0.61,303.95,9.2,44.94,325.54,23.67,235.67,55.97,93.41,34.43,526.8,24.51,52.38,2.92,20.35,242.14,9.78,12.81,6.25,796.12,39.77,44.85,6720.93,127.19,79.04,0.17,249.88,308.98,89.81,0.73,55.29,17.43,4.1,21.78,101.77,141.28,62.67,68.87,93.71,102.5,31.48,13.22,120.65
2016-Mar,01-03-2016,140.26,217.6,22.43,101.49,23.72,24.55,27.42,21.73,66.17,66.17,25.96,12.81,0.57,132.53,52.95,28.47,65.59,162.98,32.71,70.63,51.2,166.63,40.75,4.7,1.39,240.44,0.17,80.16,555.43,22.61,28.68,508.42,21.95,42.72,32.02,78.1,69.65,163.77,31.66,12.35,153.65,678.95,32.92,122.99,15.35,24.8,20.27,1012.47,37.03,35.14,13.61,132.72,10.99,175.45,50.53,0.61,305.35,9.22,44.84,327.33,24.13,237.24,56.21,93.92,34.4,526.32,24.67,52.51,2.96,20.5,240.41,9.69,12.82,6.33,812.51,43.33,44.93,6751.96,124.14,80.16,0.17,249.18,307.08,90.29,0.73,55.29,17.41,3.92,21.52,103.73,142.23,62.92,67.98,92.84,102.5,31.37,13.16,123.23
2016-Apr,01-04-2016,141.95,216.39,22.28,100.03,23.72,24.21,27.81,21.91,69.07,69.07,25.96,12.7,0.57,130.36,53.28,28.63,64.88,163.13,33.14,70.9,50,166.63,40.98,4.71,1.4,248.39,0.19,78.48,555.93,22.56,28.87,505.14,21.3,42.5,31.27,75.58,69.32,162.94,31.69,11.98,157.24,682.63,32.68,122.44,15.29,24.98,20.46,1037.54,37.77,34.58,13.4,130.87,10.99,173.62,50.25,0.61,305.63,9.22,44.84,325.54,23.94,240.37,56.36,93.63,34.66,530.19,24.82,53.49,2.96,22.11,243.68,9.51,12.86,6.33,818.89,44.15,44.89,6776.79,121.96,78.48,0.17,249.65,307.08,90.94,0.73,55.13,17.35,4.03,21.41,107.28,142.23,63.08,68.04,92.98,103.04,31.28,11.99,131.31
2016-May,01-05-2016,143.2,215.99,22.45,99.64,23.74,24.89,27.42,22.22,67.96,67.96,25.98,12.71,0.57,144.79,53.19,28.63,64.94,164.93,33.51,71.37,50.9,166.36,40.36,4.8,1.42,251.76,0.17,80.02,557.44,22.52,28.65,504.67,21.47,42.61,31.27,77.81,67.25,163.27,31.5,11.91,155.03,683.85,32.89,122.88,15.2,25.28,20.38,1049.65,37.68,34.68,13.57,131.79,10.99,174.62,50.25,0.61,304.79,9.22,44.84,328.52,24.37,238.58,56.31,93.41,34.95,532.61,25.07,54.12,3,21.45,247.73,9.46,12.99,6.33,821.62,43.94,44.61,6814.02,136.55,80.02,0.17,251.05,307.08,90.7,0.73,55.13,17.44,4.03,21.73,107.94,142.51,63.74,69.33,94.67,103.22,31.5,11.96,132.55
2016-Jun,01-06-2016,144.66,218.4,22.3,98.47,23.74,24.87,27.39,21.65,68.4,68.4,26.23,12.72,0.57,138.61,53.37,28.07,64.62,167.03,33.03,71.3,50.42,166.22,42.11,4.84,1.44,250.8,0.17,78.69,559.97,22.61,28.76,506.08,21.18,42.68,31.27,77.81,69.52,162.61,31.72,11.95,155.86,681.4,32.92,123.42,14.91,25.84,20.27,1062.62,37.77,35.04,13.62,134.97,10.99,177.95,50.41,0.61,302.82,10.17,44.84,330.01,23.99,239.47,56.7,92.55,34.81,533.58,24.93,55.2,2.9,21.49,256.19,9.61,13.09,6.33,816.16,44.86,44.57,6826.43,130.24,78.69,0.17,250.35,310.07,90.61,0.73,55.18,17.49,4.02,22.13,107.1,142.51,63.13,69.95,95.76,102.68,31.79,11.51,133.45
2016-Jul,01-07-2016,145.34,218.2,22.57,98.86,23.76,25.3,27.42,21.91,67.48,67.48,26.35,13.32,0.57,146.51,53.51,27.95,64.68,167.48,33.59,71.5,50.17,165.26,41.72,4.86,1.45,251.28,0.17,78.97,558.45,21.76,28.9,505.14,21.4,42.65,31.27,76.73,69.39,163.77,31.36,11.71,155.03,683.85,32.89,123.53,15.02,25.77,20.19,1074.72,38.14,34.45,13.46,132.72,11.14,175.95,50.78,0.61,306.2,10.16,44.84,330.01,24.37,239.03,56.75,93.7,35.1,538.91,25.11,56.09,2.95,21.61,262.16,9.56,13.11,6.33,807.96,44.52,45.25,6845.05,138.3,78.97,0.17,250.81,308.44,90.7,0.73,55.08,17.38,4,22.24,108.97,143.06,63.13,69.23,95.03,102.95,32.57,10.73,136.36
2016-Aug,01-08-2016,147.04,219.21,23.23,97.59,23.78,25.1,27.37,21.38,68.2,68.2,26.44,13.27,0.58,144.33,53.33,27.93,65.2,166.88,33.28,71.37,49.7,163.61,42.34,4.99,1.45,254.9,0.18,79.11,559.46,21.76,28.96,503.73,21.57,42.61,31.27,75.79,68.67,163.11,31.2,10.78,155.03,677.73,32.65,123.32,15.09,25.9,20.36,1080.77,37.56,34.45,13.63,135.89,11.89,179.79,50.86,0.55,303.95,10.18,44.84,327.93,24.24,238.8,56.41,94.28,35.18,543.27,25.22,56.22,2.92,22.33,261.2,9.72,13.12,6.21,799.76,43.98,45.33,6838.85,136.23,79.11,0.17,251.75,308.17,90.45,0.73,55.29,17.43,4.01,22.2,105.97,142.65,62.87,69.23,95.11,102.95,32.26,11,137.82
2016-Sep,01-09-2016,148.5,218.61,23.07,98.57,23.78,25.15,27.66,21.07,69.12,69.12,26.42,13.04,0.57,140.78,53.46,27.85,64.68,168.67,32.97,71.03,49.91,162.51,42.15,5.15,1.47,259.23,0.2,78.97,557.95,21.81,28.82,503.27,21.38,42.79,31.27,78.32,68.03,162.11,31.31,11.24,154.89,675.28,32.12,122.33,15.13,27.26,20.44,1088.56,38.14,34.08,13.27,135.89,11.88,179.95,51.31,0.55,304.51,10.2,44.84,330.61,23.81,238.36,56.21,95.07,35.21,542.78,25.46,56.15,2.91,21.85,263.89,9.71,13.18,6.21,807.96,43.37,45.61,6851.26,132.52,78.97,0.17,250.11,308.17,90.7,0.73,55.03,17.29,3.84,22.05,104.29,142.37,63.18,69.28,96.42,103.31,32.39,10.75,139.17
2016-Oct,01-10-2016,150.31,218.61,22.92,99.44,23.78,24.65,27.25,21.63,68.06,68.06,26.63,12.7,0.57,141.7,54.25,28.54,65.79,168.67,33.05,71.1,49.4,162.51,41.25,5.18,1.47,259.23,0.18,80.37,558.45,21.88,28.9,505.61,21.45,42.9,31.27,79.61,69.52,163.44,31.55,10.35,155.72,675.28,32.31,123.1,14.79,27.58,20.27,1095.47,37.62,34.18,13.1,135.89,11.88,179.95,51.39,0.54,303.66,10.2,44.84,328.82,23.65,239.25,56.5,92.69,35.24,536.49,25.37,55.2,2.94,21.73,267.17,9.63,13.2,6.21,828.91,42.96,45.73,6876.08,133.4,80.37,0.17,250.58,308.17,90.94,0.73,55.03,17.37,3.83,22.05,104.85,142.23,62.77,68.55,95.98,103.4,32.37,10.72,141.75
2016-Nov,01-11-2016,150.54,219.01,23.6,97.69,23.78,25.15,27.25,22.16,68.78,68.78,26.65,12.51,0.55,135.4,53.6,28.3,66.18,165.83,33.22,70.77,49.4,161.82,41.21,5.2,1.47,260.2,0.18,80.79,556.94,22.1,28.82,503.73,21.16,42.72,31.27,76.88,69.52,165.94,32.05,10.57,157.24,676.5,32.8,125.17,15,27.06,20.17,1100.66,37.71,34.55,13.27,137.35,11.78,181.29,51.27,0.54,303.38,10.19,44.84,327.63,24.13,241.27,56.84,92.83,35.41,536.49,25.35,54.32,2.91,21.52,272.36,9.38,13.18,6.21,837.11,42.58,46.09,6888.49,127.19,80.79,0.17,249.18,308.44,90.7,0.73,55.96,17.35,3.86,22.43,106.16,143.06,62.36,68.97,95.91,103.75,31.44,10.72,142.65
2016-Dec,01-12-2016,152.01,218,22.78,100.22,23.8,24.63,27.48,22.41,69.12,69.12,26.67,12.28,0.56,128.98,54.11,28.42,64.16,164.03,32.57,71.17,49.48,160.31,42.15,5.23,1.48,265.26,0.18,79.46,555.93,22.14,28.99,507.48,21.16,42.9,31.27,78.1,72.31,170.26,31.8,10.34,157.38,674.67,32.68,124.73,15.07,27.28,20.29,1104.12,36.94,35.48,13.39,138.54,11.78,182.29,51.47,0.54,304.79,10.17,44.84,324.65,24.26,241.49,57.08,93.48,35.5,536.97,25.2,53.59,2.94,21.73,272.56,9.51,13.14,6.21,844.39,41.6,46.21,6894.7,120.55,79.46,0.17,247.78,308.98,90.61,0.73,55.96,17.46,3.85,22.27,105.23,142.92,61.44,69.85,97.01,104.38,31.44,10.7,141.08
2017-Jan,01-01-2017,154.38,220.02,23.44,102.17,23.84,24.93,28.28,22.75,69.17,69.17,26.77,12.4,0.57,131.73,53.98,28.63,64.81,163.73,32.68,71.37,50.51,160.72,41.91,5.29,1.47,267.43,0.19,80.51,555.43,22.14,29.13,506.55,21.18,43.11,31.27,79.18,73.21,171.93,31.61,11.09,157.79,677.73,32.8,124.84,15.18,27.84,20.69,1106.71,36.78,34.85,13.53,140.13,11.8,184.12,51.19,0.55,304.79,10.21,44.84,324.65,24.53,242.38,57.62,93.84,35.56,539.39,25.18,53.07,2.9,21.45,268.13,9.38,13.43,5.8,853.5,41.19,45.69,6925.73,123.81,80.51,0.18,247.55,308.44,90.86,0.73,56.01,17.44,3.87,21.41,104.85,143.74,61.6,70.53,98.25,104.02,31.79,10.7,146.35
2017-Feb,01-02-2017,156.52,219.21,23.58,102.46,23.84,24.46,28.99,22.71,68.3,68.3,26.67,12.54,0.58,130.7,54.11,28.54,65.59,163.73,33.14,71.84,50.12,160.31,41.25,5.25,1.48,265.02,0.17,81.07,556.43,22.72,29.27,507.01,21,42.5,31.27,79.33,75.42,174.42,32.05,10.41,158.2,681.4,32.99,124.95,15.08,26.83,20.67,1106.71,36.88,34.98,13.67,138.81,11.8,182.96,51.31,0.55,303.95,10.23,44.84,324.65,24.69,243.5,57.96,94.28,35.76,542.3,25.4,52.51,2.89,21.42,266.78,9.44,13.43,5.8,853.5,39.8,45.81,6938.14,122.94,81.07,0.18,249.18,308.17,90.61,0.73,55.29,17.34,3.85,21.17,107,145.38,61.39,69.95,96.72,104.29,31.62,10.7,149.16
2017-Mar,01-03-2017,158.56,217.6,23.6,102.27,23.99,25.04,28.78,22.92,68.83,68.83,26.77,12.53,0.58,131.62,54.3,28.49,64.94,163.73,33.28,72.17,50.21,160.45,40.79,5.25,1.47,261.16,0.17,81.48,558.96,22.14,29.43,507.48,21.14,42.57,31.27,79.61,77.56,174.92,31.83,10.89,158.07,683.85,33.42,126.15,14.88,26.96,20.57,1100.66,36.75,35.08,13.65,139.07,11.9,183.29,51.47,0.55,303.95,10.23,44.84,325.84,24.34,243.5,58.68,93.77,35.85,546.66,25.53,51.95,2.91,21.28,264.47,9.43,13.45,5.95,870.81,39.94,46.05,6969.17,123.59,81.48,0.18,250.58,308.71,90.05,0.73,55.86,17.38,3.86,20.56,106.91,146.62,61.39,70.58,97.45,104.73,31.62,10.81,149.72
2017-Apr,01-04-2017,159.23,220.02,23.62,101.59,24.01,25.62,28.25,22.71,69.27,69.27,26.92,12.64,0.58,131.73,54.39,28.63,66.89,168.67,33.28,72.24,50.04,160.86,41.02,5.28,1.48,258.27,0.17,79.74,559.97,22.43,29.32,507.48,21.47,42.86,31.27,79.9,77.95,174.76,31.96,10.79,157.38,683.24,33.92,126.91,14.94,26.96,20.65,1099.8,36.85,35.14,13.67,136.03,11.76,180.12,50.94,0.55,305.07,10.32,44.84,331.5,24.37,243.06,58.73,94.28,35.96,551.01,25.75,52.02,2.93,21.28,263.51,9.35,13.47,5.98,887.21,42.65,46.05,6987.79,123.59,79.74,0.18,251.51,308.98,90.45,0.73,55.86,17.37,3.83,20.14,105.97,146.62,60.73,71.3,98.18,105.09,31.82,10.75,148.71
2017-May,01-05-2017,160.14,218.81,23.62,101.49,23.99,25.64,27.96,22.94,68.49,68.49,27.19,12.59,0.58,129.33,54.25,28.73,65.2,171.82,33.25,73.04,50.21,161,40.98,5.28,1.48,255.38,0.17,81.42,562.49,22.14,28.96,506.55,21.57,43.08,31.27,80.33,76.98,173.76,32.16,11.08,156.27,683.85,34.87,128.33,14.77,27.64,20.82,1097.2,37,34.68,13.68,137.62,11.76,181.79,51.06,0.55,305.35,10.32,44.91,335.38,24.37,241.71,59.07,94.56,35.96,550.04,25.75,51.75,2.95,21.33,261.97,9.48,13.47,5.98,882.65,43.16,45.61,6987.79,121.2,81.42,0.18,252.44,310.62,90.78,0.73,56.07,17.41,3.77,20.19,105.51,146.75,61.24,71.1,98.62,104.65,31.17,11.03,149.38
2017-Jun,01-06-2017,161.83,219.81,23.27,101.2,23.84,25.17,27.96,22.96,69.85,69.85,27.21,12.61,0.58,130.47,54.9,28.04,66.11,172.12,33.03,73.31,50.08,159.9,41.21,5.41,1.48,255.14,0.17,82.32,563.5,22.7,29.21,508.42,21.69,43.18,31.27,79.25,76.07,172.59,32.57,11.61,156,682.63,35.59,129.2,14.79,27.64,20.8,1098.93,37.03,34.88,13.72,138.01,11.65,182.29,51.76,0.58,306.76,10.14,44.91,335.98,24.5,241.71,59.12,95.07,36.11,550.04,25.75,51.1,2.95,21.87,261.78,9.39,13.69,6.36,877.19,45.2,45.93,6987.79,121.85,82.32,0.18,253.38,310.89,90.7,0.73,56.22,17.58,3.78,20.36,103.82,147.03,61.04,71.1,98.62,104.82,32.06,11.36,148.37
2017-Jul,01-07-2017,160.81,220.02,22.61,102.07,23.91,24.85,28.16,22.75,70.33,70.33,26.92,12.42,0.58,129.79,54.67,27.15,67.28,170.47,33.05,72.57,49.4,159.35,40.36,5.37,1.48,255.14,0.2,83.23,556.94,21.85,29.1,505.61,21.51,43.43,31.45,79.69,76.78,173.09,32.57,11.14,156.69,680.18,35.71,129.64,14.74,27.95,20.86,1096.34,37.62,35.11,13.39,137.88,11.93,181.96,51.63,0.58,308.45,9.98,44.87,333.89,24.48,240.15,58.49,95,36.02,548.59,25.97,50.37,2.95,21.64,262.55,9.31,13.39,6.53,883.56,44.35,46.01,6987.79,120.98,83.23,0.18,251.51,305.99,90.37,0.73,56.38,17.54,3.77,20.24,104.57,147.71,61.55,71.51,99.35,106.43,31.97,11.82,149.27
2017-Aug,01-08-2017,161.94,220.62,19.27,101.39,24.06,23.84,28.4,22.75,72.46,72.46,26.75,12.41,0.58,120.28,55.27,27.1,68,169.27,33.68,72.57,49.22,160.04,40.47,5.37,1.47,256.1,0.2,84.14,557.44,22.36,29.13,508.42,21.49,43.47,31.45,80.69,76.2,176.25,32.49,10.48,157.1,680.18,35.86,128.77,14.85,28.46,20.42,1101.52,37.59,36.61,13.36,137.75,11.91,181.96,51.76,0.58,309.29,9.94,44.87,332.1,24.42,240.82,58.15,95.36,36.05,550.53,26.02,50.21,2.95,21.92,264.47,9.25,13.39,6.6,897.23,44.59,45.81,7000.2,111.18,84.14,0.18,250.11,308.17,90.7,0.73,55.7,17.51,3.77,20.1,104.1,147.44,60.83,71.3,99.64,105.81,31.73,12.2,149.72
2017-Sep,01-09-2017,163.98,225.05,19.44,102.95,24.01,24.25,28.43,22.96,72.7,72.7,26.63,12.5,0.58,122.11,55.37,27.13,68.32,170.47,33.2,72.98,48.71,160.04,40.32,5.23,1.47,259.72,0.19,87.43,557.95,22.1,30.19,508.42,22.3,43.68,34.84,84.01,77.62,179.92,32.76,10.5,156.96,681.4,36.24,130.73,15.11,28.85,20.31,1110.17,37.59,36.07,13.46,138.41,12.04,182.79,52.41,0.58,311.54,9.94,44.87,333.59,24.42,240.82,59.26,95.72,36.08,548.11,26.17,50.08,2.93,21.85,267.55,9.43,13.42,6.67,919.09,44.38,45.65,7056.05,113.03,87.43,0.18,251.98,306.26,90.86,0.73,56.07,17.52,3.78,20.57,105.41,148.12,61.14,71.46,100.16,105.98,32.08,12.04,149.38
2017-Oct,01-10-2017,162.4,224.05,19.44,101.29,24.08,24.23,28.54,22.82,72.56,72.56,26.75,12.47,0.57,124.17,55.74,27.2,67.35,169.72,33.25,73.44,48.37,160.45,40.63,5.28,1.47,261.4,0.21,85.4,556.94,21.92,30.14,510.76,22.04,43.54,34.75,84.44,82.1,182.91,32.92,10.65,157.24,685.07,36.39,130.18,14.85,30.31,20.65,1108.44,37.4,36.61,13.47,140,12.04,184.29,52.08,0.58,310.14,9.98,44.87,332.99,24.56,240.59,58.78,95,36.08,545.69,26.02,49.42,2.98,21.83,266.59,9.61,13.42,6.67,917.27,44.89,45.81,7056.05,115.1,85.4,0.18,252.21,305.18,91.02,0.73,56.27,17.61,3.78,20.73,105.41,150.86,61.39,70.99,101.04,106.07,31.39,12.04,148.04
2017-Nov,01-11-2017,160.36,222.23,20.18,102.56,23.91,23.88,28.96,22.82,73.19,73.19,26.81,12.41,0.59,128.3,55.97,27.43,65.98,169.57,33.25,73.31,48.84,160.31,40.16,5.19,1.47,266.22,0.2,84.63,556.94,21.88,29.86,512.17,21.98,43.47,34.75,85.31,83.33,183.24,32.54,10.92,156.96,688.14,36.2,128.66,14,30.57,20.5,1107.58,37.56,37.1,13.27,140.39,12.04,184.79,52.53,0.58,308.73,9.9,44.87,336.87,24.05,240.15,58.68,94.2,35.99,546.66,26.13,49.32,2.95,21.63,264.86,9.44,13.42,6.77,922.73,44.59,45.69,7074.67,119.24,84.63,0.18,252.68,304.9,91.1,0.73,56.48,17.54,3.77,21.03,105.32,153.46,60.98,71.41,101.69,106.61,31.19,16.76,146.35
2017-Dec,01-12-2017,160.02,222.63,20.49,103.44,23.91,23.16,29.4,23.04,73.48,73.48,26.69,12.44,0.59,121.54,55.51,27.41,66.96,170.17,33.03,73.65,49.18,160.45,39.58,5.12,1.46,268.63,0.21,84.35,556.43,21.57,30.02,510.29,22.14,43.47,34.84,84.22,81.71,181.91,32.68,11.1,157.1,693.03,36.24,129.31,13.76,29.95,20.59,1101.52,37.9,37.74,13.04,141.58,12.09,185.96,51.84,0.58,308.73,9.9,44.87,337.76,24.13,239.25,59.46,94.78,36.14,548.11,26.1,49.19,2.96,21.9,264.28,9.56,13.42,6.77,937.31,43.7,45.53,7087.08,112.27,84.35,0.18,252.44,304.63,91.1,0.73,56.64,17.55,3.74,21.24,105.69,156.47,61.8,71.93,101.62,106.97,30.93,17.1,139.28
2018-Jan,01-01-2018,158.78,223.04,20.39,105.58,23.93,23.54,29.43,23.47,73.19,73.19,26.92,12.53,0.59,119.13,56.2,27.45,67.61,170.92,33.39,74.65,49.4,161.27,40.05,5.14,1.46,271.04,0.22,84.07,558.96,22.3,30.11,515.45,21.95,43.58,34.3,84.08,81.84,185.57,33.01,11.7,157.79,698.54,36.76,130.62,13.83,29.67,20.72,1096.34,37.9,36.94,13.06,142.25,12.09,186.96,52.08,0.57,309.86,9.97,44.87,340.75,24.26,239.92,59.89,94.2,36.23,548.59,26.1,49.16,2.93,22.01,263.7,9.5,13.73,6.61,968.28,43.2,45.57,7130.52,109.98,84.07,0.18,255.94,303.54,92.31,0.73,57.26,17.67,3.65,21.08,106.91,159.48,61.29,71.93,101.33,106.97,30.66,17.74,134.57
2018-Feb,01-02-2018,157.76,223.04,20.39,106.75,23.91,22.94,29.46,23.24,73.57,73.57,26.77,12.53,0.59,124.4,56.29,27.53,67.74,172.72,33.28,75.92,49.18,162.92,39.74,5.18,1.47,273.45,0.21,85.82,559.97,22.21,30.05,514.04,21.98,43.54,34.33,85.02,82.23,185.74,32.71,11.27,158.2,704.67,36.85,131.71,13.82,29.73,20.8,1094.61,38.02,36.44,13.05,142.64,12.09,187.46,52.65,0.58,307.89,9.95,44.87,340.15,24.05,240.15,60.52,94.93,36.34,551.01,26.41,50.08,2.95,21.9,266.97,9.59,13.82,6.69,991.05,40.41,45.49,7167.76,115.32,85.82,0.18,256.87,303.27,91.91,0.73,57,17.64,3.64,21.29,108.22,161.13,61.65,71.93,101.47,106.97,30.44,16.83,130.87
2018-Mar,01-03-2018,157.76,222.84,20.43,106.94,23.93,23.5,30.02,23.18,72.75,72.75,26.54,12.52,0.59,119.59,56.25,27.57,67.28,170.17,33.51,76.79,50.12,163.33,39.81,5.21,1.47,281.88,0.21,87.15,560.98,21.43,30.22,514.98,22.06,43.47,34.24,85.59,81.19,184.41,32.95,11.49,158.76,707.11,36.98,131.17,13.74,29.75,21.07,1105.85,37.99,36.97,12.98,139.2,12.09,184.12,52.94,0.58,309.86,9.97,44.87,339.85,24.34,240.82,59.75,94.78,36.2,552.95,26.32,50.21,2.97,21.94,265.05,9.45,13.96,6.7,998.33,44.86,45.29,7186.37,110.42,87.15,0.18,257.81,303.27,91.99,0.73,56.9,17.69,3.66,21.45,107.19,161.95,61.39,71.3,100.82,106.79,31.13,18.08,129.52
2018-Apr,01-04-2018,156.97,224.45,20.47,105.68,23.93,23.73,29.96,23.16,71.83,71.83,26.52,12.41,0.59,120.74,56.29,27.6,67.61,171.67,33.76,76.12,50.64,162.51,39.62,5.21,1.48,287.18,0.21,87.64,563.5,22.05,30.28,515.92,21.87,43.58,35.17,86.53,80.8,185.41,32.49,12.04,160.69,712.01,36.82,131.71,13.79,30.03,21.11,1105.85,38.14,37.2,12.87,139.07,12.09,184.12,52.74,0.58,312.11,10,44.84,344.03,24.45,242.83,60.66,95.21,36.11,556.34,25.79,49.98,2.92,21.9,265.63,9.64,14.01,6.69,1005.62,47.98,45.01,7217.4,111.51,87.64,0.18,259.2,304.9,92.47,0.73,56.53,17.66,3.66,20.82,108.31,164,62.51,73.01,102.87,106.34,30.7,19.9,121.77
2018-May,01-05-2018,156.41,224.25,20.51,106.65,23.95,23.65,30.4,22.65,72.51,72.51,26.56,12.29,0.6,122.45,57.13,27.6,67.41,171.37,33.65,76.79,50.64,163.2,39.93,5.18,1.48,289.11,0.2,88.27,566.03,21.61,30.81,514.98,21.81,43.93,34.93,86.89,81.26,189.9,33.42,11.94,161.24,718.75,37.1,132.58,13.79,30.03,21.26,1099.8,37.8,37.37,12.91,139.2,12.09,184.12,52.49,0.58,311.83,10,44.84,344.62,24.13,242.83,60.95,96.22,36.43,560.21,26.13,50.01,2.92,21.33,265.05,9.64,13.93,6.87,1022.02,47.07,44.93,7254.64,113.03,88.27,0.18,260.37,305.72,92.23,0.73,56.48,17.84,3.66,20.89,110.46,167.56,62.36,72.55,102.35,106.34,30.59,20.07,116.72
2018-Jun,01-06-2018,156.18,224.05,20.59,107.72,23.95,23.99,30.67,22.98,72.99,72.99,26.65,12.23,0.59,122.45,57.22,27.76,68.06,170.02,33.82,77.6,50.51,163.06,39.07,5.21,1.47,290.55,0.2,87.15,564.01,21.61,30.73,517.79,21.93,43.97,35.26,87.03,83.2,190.9,33.34,11.21,162.21,719.97,36.92,132.26,13.59,29.65,21.37,1111.04,37.99,37.1,12.96,139.47,12.09,184.46,53.14,0.58,314.64,10,44.84,343.43,24.21,243.73,61.15,95.72,36.66,562.63,26.37,50.37,2.99,21.61,265.24,9.66,13.99,6.89,1028.39,49.17,45.01,7279.46,113.03,87.15,0.18,258.74,305.99,92.55,0.73,56.69,17.87,3.57,21.24,110.09,168.52,62.77,72.86,102.28,106.43,30.88,20.41,124.02
2018-Jul,01-07-2018,155.28,223.24,20.45,108.7,23.95,23.71,30.64,22.77,72.32,72.32,26.88,12.27,0.59,122.45,57.36,27.85,67.02,171.22,33.82,78.2,51.02,163.88,39.62,5.15,1.48,289.59,0.19,87.64,567.54,22.03,30.64,519.67,21.87,43.9,34.96,88.48,83.78,189.4,33.45,11.37,162.35,724.26,37.01,133.35,13.24,29.26,21.79,1115.36,38.2,37.24,13.04,140.39,12.11,185.46,53.14,0.58,313.8,10.1,44.84,345.52,24.34,245.07,61.54,95.5,37.65,569.9,26.52,50.83,2.91,21.56,266.78,9.77,14.11,6.66,1021.11,48.66,45.25,7304.28,113.36,87.64,0.18,260.84,307.08,93.28,0.73,56.64,17.95,3.56,21.13,110.65,169.48,63.08,72.39,101.47,106.79,31.17,21.28,128.28
2018-Aug,01-08-2018,153.7,227.27,20.55,111.23,23.91,23.58,30.79,23.02,72.7,72.7,26.9,12.29,0.6,115.24,57.59,27.88,68.58,169.42,34.39,78.47,51.02,164.84,39.62,5.15,1.49,286.22,0.2,87.64,572.09,22.72,30.92,521.07,22.04,43.58,34.9,87.61,83.65,186.57,33.67,11.8,161.93,727.32,37.07,133.35,13.15,29.43,21.91,1120.55,38.14,37.5,13,139.73,11.94,184.96,53.14,0.56,314.64,10,47.58,345.22,24.61,245.07,61.78,96.15,38.05,572.8,26.79,51.89,2.93,22.04,272.94,9.69,14.29,6.66,1016.55,48.19,45.33,7310.49,105.95,87.64,0.18,262.23,309.8,94.25,0.73,55.65,18.07,3.56,21.34,111.03,170.71,61.95,72.39,101.62,107.05,31.39,21.59,128.17
2018-Sep,01-09-2018,154.38,226.06,20.55,111.33,23.89,23.63,31.26,23.08,72.61,72.61,26.94,12.35,0.6,122.57,57.55,27.81,67.28,169.72,34.02,78.87,51.58,165.53,39.42,5.15,1.49,286.7,0.19,89.18,570.07,22.96,30.53,522.95,22.24,43.68,35.26,87.83,83.46,186.91,33.64,11.28,162.62,732.22,37.57,134.11,13,29.28,21.62,1119.68,38.39,36.94,13.18,140.79,11.93,185.96,53.23,0.56,313.8,10.08,47.58,344.92,24.88,245.97,62.36,95.5,37.36,574.25,26.57,52.08,2.94,22.11,274.48,9.74,14.33,6.9,1040.24,47.07,45.65,7347.73,113.03,89.18,0.18,261.54,308.71,94.73,0.73,56.38,18.04,3.56,21.33,111.68,172.9,62.36,72.03,101.11,107.32,31.02,21.69,125.59
2018-Oct,01-10-2018,153.59,227.87,20.51,111.23,23.89,23.86,31.55,23.53,72.56,72.56,27.04,12.59,0.6,123.26,57.13,27.83,68.65,169.27,34.64,79.47,51.37,167.04,39.42,5.22,1.5,286.22,0.19,89.32,572.59,22.72,30.87,522.48,22.2,43.29,35.23,90.13,84.04,187.9,33.06,11.28,163.17,737.73,37.69,135.96,12.85,29.32,21.64,1121.41,38.02,36.61,13.25,141.32,11.91,186.46,53.14,0.56,314.36,10.08,47.58,344.32,24.5,245.97,63.81,95.57,37.41,577.16,26.81,52.34,2.94,22.3,275.25,9.89,14.38,6.9,1045.7,47.03,46.09,7378.75,113.79,89.32,0.18,262.93,310.07,94.98,0.73,56.64,18.08,3.56,21.1,112.52,174.68,62.16,72.24,101.33,108.3,31.04,21.7,127.05
2018-Nov,01-11-2018,152.34,227.47,20.59,110.55,23.91,24.06,31.55,23.51,72.41,72.41,26.98,12.81,0.61,122.68,56.99,27.83,68.26,168.82,34.19,79.07,51.84,169.51,39.93,5.26,1.5,280.43,0.2,89.11,573.6,22.72,31.32,524.35,22.1,43.33,34.99,89.27,83.65,187.74,33.28,11.35,163.04,742.01,37.63,136.73,12.92,29.63,21.68,1113.63,38.02,37.3,13.44,141.58,11.89,186.79,53.02,0.56,315.48,10.08,47.58,344.32,24.58,246.19,64.24,96.58,37.41,576.19,26.88,52.8,2.92,21.88,275.44,9.76,14.38,6.9,1038.41,46.83,46.21,7372.55,113.25,89.11,0.18,263.87,310.07,95.22,0.73,56.59,18.08,3.56,21.54,111.87,176.6,62,71.93,101.33,108.93,31.64,21.7,126.49
2018-Dec,01-12-2018,150.54,224.85,20.65,111.13,23.91,23.71,30.46,23.55,72.22,72.22,27.02,13.34,0.6,131.16,57.64,27.69,66.76,169.12,34.81,78.6,51.28,169.79,39.27,5.17,1.51,274.41,0.2,90.72,570.07,22.89,31.48,523.88,22.38,43.22,35.08,89.56,82.55,185.24,33.09,11.35,163.31,734.66,37.38,136.62,13.16,29.54,21.68,1104.98,38.02,36.77,13.13,142.25,11.99,187.63,53.02,0.57,315.77,10.08,47.58,343.73,24.56,246.64,64,96.95,39.01,575.71,26.81,52.28,2.95,21.85,277.18,9.66,14.44,6.89,1022.93,46.35,46.29,7341.52,121.85,90.72,0.18,259.67,310.89,95.3,0.73,56.74,18.07,3.56,21.61,109.34,173.45,61.6,72.24,101.55,108.66,32.44,21.14,123.68
2019-Jan,01-01-2019,152.01,224.65,20.53,111.23,23.91,24.03,30.17,23.33,72.95,72.95,27.08,13.85,0.61,122.45,56.94,27.6,67.54,172.57,35.35,77.93,52.48,168.55,38.72,5.17,1.51,276.58,0.2,91.56,572.09,22.96,31.51,523.88,22.44,43.25,34.99,90.56,82.75,182.41,33.61,11.63,162.48,732.22,37.54,136.18,13.3,29.22,21.49,1110.17,38.27,36.24,13.2,142.78,12.16,188.29,52.7,0.57,315.48,9.86,47.55,346.71,24.82,246.41,63.62,96.8,38.98,576.19,26.85,52.25,2.98,22.04,277.95,9.77,14.45,6.91,1002.89,44.52,46.29,7329.11,112.92,91.56,0.19,263.4,308.98,95.86,0.73,56.9,18.05,3.56,21.87,108.22,171.8,61.85,72.24,101.26,108.75,32.95,19.01,125.03
2019-Feb,01-02-2019,151.78,224.25,20.59,111.23,24.35,23.78,30.37,23.06,73.82,73.82,27.23,14.43,0.6,121.88,58.06,27.41,66.63,176.16,35.75,77.66,52.91,168.97,38.33,5.17,1.47,278.27,0.2,90.02,571.58,23.18,31.32,524.35,22.46,43.18,35.02,90.64,79.83,183.41,33.45,11.62,161.93,732.83,37.47,135.31,13.4,29.17,21.39,1112.76,38.11,36.71,12.97,142.78,12.09,188.29,52.61,0.57,315.2,9.94,47.55,350.29,24.56,245.29,63.37,98.24,38.89,577.16,26.96,52.71,2.94,21.92,277.56,9.58,14.49,6.91,1011.09,43.57,45.77,7335.31,112.38,90.02,0.18,262.93,308.98,95.7,0.73,57.11,18.13,3.56,21.91,107.28,172.22,60.93,71.72,100.67,108.57,34.37,18.56,125.37
2019-Mar,01-03-2019,151.89,224.45,20.63,112.01,24.35,23.63,30.28,22.71,74.45,74.45,27.33,14.63,0.62,122.91,58.7,27.48,66.89,175.71,35.5,77.6,52.61,168.97,38.45,5.64,1.48,273.93,0.2,90.58,570.07,23.27,31.37,526.23,22.36,43.04,34.93,89.99,81.77,184.08,33.47,11.55,162.9,732.22,37.66,134.98,13.62,29.43,21.07,1110.17,38.2,36.41,12.76,143.3,12.16,188.96,52.37,0.57,316.05,10.16,47.55,347.6,24.8,246.41,63.13,97.45,39.07,574.25,26.96,53.03,3,21.9,277.75,9.61,14.56,6.91,1012,44.55,46.21,7341.52,113.47,90.58,0.18,262.93,307.35,96.43,0.73,56.79,18.04,3.54,22.03,108.03,171.53,61.49,72.03,101.26,108.84,34.82,16.37,125.59
2019-Apr,01-04-2019,152.57,224.45,20.59,112.59,24.38,23.11,29.69,22.61,74.16,74.16,27.36,14.81,0.63,122,58.24,27.67,66.31,179.61,35.61,77.39,52.69,168.83,38.14,5.72,1.49,274.41,0.19,89.81,571.58,23.25,31.37,527.16,22.2,43.08,35.02,90.28,82.16,183.24,33.42,12.03,161.66,734.05,38.03,135.09,13.23,29.17,21.26,1118.82,37.8,36.57,13.13,144.76,12.21,190.46,52.41,0.57,317.17,10.16,47.58,349.99,24.74,245.52,62.65,96.37,38.31,578.13,27.08,54.28,2.98,22.13,276.02,9.74,14.58,6.91,1006.53,49.65,46.41,7353.93,112.49,89.81,0.18,262.93,308.98,96.35,0.73,57.21,18.19,3.54,21.94,109.34,171.67,61.49,72.7,101.77,109.46,35.28,14.69,126.71
2019-May,01-05-2019,154.72,224.85,20.63,112.4,24.38,23.05,29.87,22.79,74.16,74.16,27.31,15.24,0.63,119.93,58.33,27.64,66.57,183.65,35.52,77.6,53.12,169.1,38.57,5.75,1.49,272,0.2,90.02,574.61,23.76,31.23,529.04,22.14,43.08,35.08,90.85,81.9,181.58,33.14,11.68,161.24,733.44,38.03,134.11,13.61,29.04,21.77,1123.14,37.31,36.61,13.15,149.39,12.21,194.96,53.72,0.58,315.77,9.94,47.55,353.27,24.8,244.85,62.02,97.16,39.09,579.1,27.3,55.5,2.92,22.04,276.79,9.71,14.39,6.91,998.33,47.41,46.49,7360.14,110.42,90.02,0.19,263.4,311.16,96.35,0.73,57.21,18.18,3.54,22.19,108.5,171.67,60.78,72.39,101.26,109.46,34.88,14.81,131.09
2019-Jun,01-06-2019,157.88,224.45,20.65,111.71,24.38,23.41,29.58,23.1,74.54,74.54,27.54,15.11,0.63,124.52,58.8,27.67,66.5,182.46,35.69,76.73,52.22,169.51,37.91,5.78,1.5,270.8,0.2,92.4,579.16,23.8,31.03,530.44,22.2,43.08,35.05,90.85,80.67,177.92,33.2,11.85,160.83,728.54,37.94,133.56,13.86,28.98,21.91,1130.92,37.03,36.61,13.13,149.52,12.26,195.13,54.57,0.58,312.11,10.09,47.55,352.67,25.2,244.62,61.54,97.02,39.18,578.13,27.56,56.52,3.05,22.16,279.1,9.82,14.38,6.92,990.14,49.51,46.74,7353.93,114.99,92.4,0.19,264.57,314.7,96.67,0.73,57.99,18.16,3.54,21.85,107.1,168.93,60.47,72.24,101.04,110,34.35,14.72,131.65
2019-Jul,01-07-2019,160.02,224.05,20.65,111.23,24.38,23.65,29.25,22.55,73.82,73.82,27.56,15.25,0.62,125.2,58.33,27.64,65.72,180.06,35.61,76.46,53.21,169.65,38.76,5.78,1.5,270.56,0.2,91.84,572.09,23.98,31.23,530.44,22.44,43.11,35.11,89.63,79.05,178.25,33.12,12.11,160.41,724.87,37.6,133.13,14.1,29.17,22.02,1135.24,36.94,37.04,13.19,150.58,12.27,195.96,54,0.58,312.95,10.09,47.55,350.29,25.04,244.17,61.15,97.38,39.09,575.71,27.91,57.53,2.97,21.78,280.25,9.86,14.34,6.92,973.74,49.72,47.22,7322.9,115.75,91.84,0.19,261.3,311.16,96.99,0.73,58.35,18.28,3.54,22.17,106.26,166.05,60.32,71.82,100.82,110.36,36.06,14,131.09
2019-Aug,01-08-2019,161.6,222.03,20.68,111.03,24.38,23.48,29.16,22.75,74.49,74.49,27.56,15.21,0.62,130.93,59.17,27.64,64.42,177.51,36.01,76.32,52.65,168.97,38.14,5.76,1.51,274.41,0.2,92.26,570.57,23.94,31.54,532.32,21.95,43.11,35.2,88.76,79.05,177.92,33.17,11.92,158.48,723.64,37.5,132.37,13.91,29.15,21.98,1145.62,37,36.81,13.26,150.71,12.26,196.3,55.19,0.58,312.11,10.09,47.58,347.9,25.15,242.38,60.62,96.87,39.36,571.83,28,58.19,2.98,21.95,282.18,9.84,14.33,6.96,952.79,48.83,47.3,7310.49,121.53,92.26,0.18,259.44,311.43,97.4,0.73,57.94,18.31,3.54,22.73,106.91,165.92,60.78,71.77,100.74,110.36,35.48,14.06,133.56
2019-Sep,01-09-2019,164.43,221.43,20.72,110.64,24.38,23.46,28.93,23.02,74.83,74.83,27.69,15.33,0.62,130.7,58.66,27.48,63.31,179.61,34.96,76.12,52.61,169.1,38.1,5.8,1.51,278.75,0.2,91.7,574.11,24.11,31.54,532.32,22.16,43.18,35.32,89.48,80.02,177.92,33.25,12.09,158.48,720.58,37.5,131.6,14.14,29.5,22.08,1159.45,37.28,36.41,13.38,151.24,12.27,196.63,55.19,0.58,311.26,9.93,47.58,348.5,25.17,242.16,60.47,96.73,39.3,569.41,28,59.08,2.97,22.02,283.91,9.74,14.3,6.98,950.97,48.9,47.5,7316.7,121.2,91.7,0.19,262.47,311.98,97.8,0.73,58.04,18.28,3.54,23.1,106.35,164.69,60.47,72.29,101.62,110.53,36.71,13.97,134.91
2019-Oct,01-10-2019,164.65,221.22,20.72,110.64,23.99,23.39,28.69,23.02,74.74,74.74,27.77,15.2,0.62,133.68,58.52,27.53,63.25,177.06,34.36,76.12,52.69,168.83,38.26,5.8,1.52,280.92,0.19,92.05,579.16,23.91,31.09,528.1,21.93,43.11,35.29,87.83,81.06,177.09,33.28,12.07,159.45,716.91,37.41,130.95,13.51,29.45,21.94,1163.78,37.03,36.51,13.47,151.38,12.26,196.8,53.14,0.58,312.95,10.09,47.58,344.03,25.17,242.61,59.5,96.44,39.18,567.96,27.91,59.14,2.94,22.18,285.45,9.82,14.31,6.98,941.86,48.49,47.34,7310.49,124.25,92.05,0.19,266.2,313.34,97.96,0.73,57.68,18.3,3.5,23.53,104.85,162.77,60.42,72.03,101.33,109.91,37.24,13.21,134.57
2019-Nov,01-11-2019,166.69,221.02,20.68,110.55,23.95,23.22,28.49,23.04,74.06,74.06,27.9,15.01,0.62,130.01,58.75,27.74,62.01,177.51,34.42,76.32,52.65,169.51,38.06,5.8,1.53,287.66,0.2,90.37,580.67,23.91,31.4,528.57,21.87,43.04,35.68,88.98,81.45,177.59,33.5,12.16,158.07,713.24,37.38,130.51,13.05,29.3,21.85,1170.69,37.37,35.68,13.75,151.77,12.26,197.47,53.23,0.59,315.48,10.16,47.55,344.92,25.17,241.04,59.31,96.01,39.07,564.09,27.63,58.52,2.98,21.88,285.07,9.82,14.58,6.98,941.86,48.49,47.54,7310.49,120.44,90.37,0.19,267.6,313.34,97.64,0.73,57.68,18.27,3.49,24.01,103.64,160.17,60.78,72.39,101.47,110.36,36.44,13.21,134.12
2019-Dec,01-12-2019,168.83,221.43,20.72,109.86,24.12,22.88,28.34,22.67,73.09,73.09,28.04,14.85,0.63,131.05,58.52,27.29,62.92,176.76,35.52,76.06,52.18,170.2,38.06,5.85,1.53,304.53,0.2,91.14,582.19,24.16,31.4,529.51,22.12,43.08,35.71,89.12,81,176.09,33.53,12.21,159.03,711.4,37.13,129.64,13,29.43,21.87,1184.53,37.15,36.44,13.73,151.77,12.26,197.47,52.65,0.59,311.83,10.16,47.55,344.32,25.12,242.16,59.36,95.94,39.27,561.67,27.78,57.7,2.99,22.09,283.91,9.79,14.58,6.98,943.68,47.03,47.62,7322.9,121.53,91.14,0.19,269.46,312.79,97.8,0.73,57.78,18.28,3.48,23.76,101.95,159.89,60.37,72.7,101.91,110.36,35.51,12.54,133.9
2020-Jan,01-01-2020,170.98,220.82,20.98,110.06,24.44,23.24,28.19,22.69,73.57,73.57,28.27,15.12,0.61,130.47,58.38,27.43,63.05,176.61,35.84,75.92,52.05,168.55,37.91,5.86,1.54,317.06,0.2,92.96,585.72,23.98,31.34,530.44,22.08,42.32,35.08,89.63,80.54,177.92,33.61,12.3,158.34,711.4,37.1,131.17,13.12,29.22,21.89,1195.77,36.97,36.94,13.86,152.44,12.3,197.97,52.17,0.59,311.83,10.22,47.55,344.92,24.93,241.94,59.31,95.79,38.66,563.6,27.89,57.43,3.01,21.7,283.14,9.8,14.33,7,970.1,44.18,47.5,7372.55,120.98,92.96,0.19,269.23,316.6,97.8,0.73,58.35,18.28,3.48,23.78,103.64,159.89,59.86,71.87,100.89,110.71,34.95,12.15,134.91
2020-Feb,01-02-2020,170.53,220.42,20.8,109.86,24.42,23.24,28.25,22.81,75.03,75.03,28.42,14.82,0.62,134.02,58.84,27.27,62.79,178.86,35.64,75.99,52.14,168.14,38.18,5.86,1.53,311.51,0.2,91.84,583.7,24.31,31.2,530.44,22.32,42.25,34.54,88.55,79.76,175.92,33.72,12.09,158.07,708.95,37.16,131.17,13.03,29.32,21.68,1184.53,37,35.84,13.75,155.61,12.16,200.97,52.45,0.59,311.54,10.25,47.55,347.3,25.01,241.49,59.79,95.72,38.69,566.02,27.94,55.83,3.02,21.82,281.41,9.91,14.34,7.01,974.65,42.86,47.82,7372.55,124.57,91.84,0.19,267.6,316.33,98.04,0.73,58.09,18.21,3.48,24.58,102.23,160.31,60.22,71.98,101.11,110.53,34.77,12.15,133.78
2020-Mar,01-03-2020,171.77,221.83,20.78,110.55,23.91,23.07,28.13,22.94,74.78,74.78,28.44,14.62,0.63,137.23,58.29,27.38,64.42,178.26,35.15,76.52,52.27,169.24,38.14,5.86,1.53,306.7,0.2,92.33,583.7,24.29,31.17,530.91,22.24,42.25,34.51,88.33,81.13,175.75,33.53,12.68,157.93,707.11,37.32,131.27,13.24,29.47,21.58,1180.2,36.69,37.4,13.91,155.61,12.09,200.97,52.41,0.59,313.8,10.26,47.55,346.11,24.61,240.37,59.7,95.79,38.57,565.05,28.14,54.51,3.02,21.68,281.6,9.96,14.33,7.01,965.54,44.04,47.98,7360.14,127.73,92.33,0.19,267.36,316.87,98.13,0.73,57.16,18.25,3.42,24.53,101.11,158.25,59.91,72.08,101.33,111.16,34.88,12.15,133
2020-Apr,01-04-2020,170.64,221.43,20.78,109.96,23.8,22.96,28.13,22.92,75.7,75.7,28.46,14.11,0.62,137.46,58.29,27.53,63.77,183.65,34.76,76.73,51.54,169.51,38.22,5.84,1.53,304.53,0.2,92.54,580.67,24.29,31.2,529.51,22.3,42.25,34.57,88.33,80.74,174.59,33.75,12.68,157.51,705.28,37.13,131.49,13.24,29.84,21.54,1178.48,36.72,37.74,13.87,155.61,12.09,200.97,52.41,0.59,310.42,10.26,47.55,351.18,24.82,240.15,59.75,95.65,38.54,566.51,28.18,54.55,3.09,22.06,281.79,9.96,14.33,7.01,974.65,46.9,48.1,7366.34,128.06,92.54,0.19,266.9,313.88,98.21,0.73,58.14,18.25,3.42,25.21,99.33,157.98,60.02,72.08,101.69,111.51,33.64,12.07,132.89
2020-May,01-05-2020,166.91,221.63,20.9,109.57,23.29,22.96,27.66,23.41,77.74,77.74,28.54,13.89,0.65,138.15,59.12,27.55,63.83,185.45,35.24,76.86,51.75,169.93,38.37,5.82,1.53,302.84,0.2,92.33,587.74,24.29,31.2,529.04,22.26,42.29,34.54,86.67,78.73,172.59,34.13,12.5,157.51,707.11,36.92,131.71,12.72,29.71,21.75,1176.75,37,37.4,14.12,161.7,12.11,207.14,52.25,0.59,312.67,10.26,47.55,352.37,24.96,240.37,60.13,96.01,38.37,557.79,28.2,54.41,3.02,22.14,280.45,9.93,14.37,7.09,940.95,51.75,48.34,7335.31,128.6,92.33,0.19,268.76,319.32,97.8,0.73,57.05,17.92,3.45,25.72,99.52,157.7,60.32,71.82,101.33,111.87,32.68,12.07,131.31
2020-Jun,01-06-2020,167.93,221.43,20.78,109.09,23.23,23.35,26.92,23.12,76.77,76.77,28.65,13.02,0.64,146.39,58.47,27.78,64.75,182.61,36.21,76.06,52.78,169.51,37.63,5.92,1.53,309.59,0.2,89.74,590.77,23.98,31.12,528.1,22.4,42.15,34.66,89.05,79.96,174.92,34.87,13.04,158.34,708.34,36.58,131.27,13.36,29.35,22.29,1188.85,36.91,36.64,14.07,162.23,12.22,207.64,52.21,0.59,315.2,10.33,47.58,352.67,24.8,241.04,59.31,96.73,38.11,550.04,28.16,55.07,3.01,22.07,279.29,9.97,14.36,7.18,945.5,55.62,48.58,7360.14,136.88,89.74,0.19,270.39,320.68,97.4,0.73,57.73,17.81,3.44,25.18,102.05,157.29,59.96,71.41,100.52,111.96,32.68,12.07,133.78
2020-Jul,01-07-2020,164.77,220.82,20.96,108.5,23.12,23.35,26.78,22.82,76.29,76.29,28.67,12.51,0.65,153.61,58.84,27.36,64.49,182.01,35.78,76.06,53.21,169.51,37.94,5.93,1.53,313.44,0.19,89.32,592.29,24,31.43,529.04,21.95,42.29,34.48,89.12,78.92,178.42,34.21,12.4,157.65,709.56,36.48,130.73,13.38,28.55,21.79,1191.44,36.94,36.74,14.15,164.08,12.15,209.47,52.21,0.59,316.89,10.31,47.58,349.69,24.64,240.15,58.73,96.87,37.96,546.66,27.96,54.97,3.02,22.13,277.56,9.97,14.38,7.19,945.5,58.27,48.62,7366.34,144.18,89.32,0.19,270.16,322.86,97.4,0.73,57.57,17.87,3.44,25.55,103.92,156.75,60.02,71.46,99.86,111.51,32.08,12.07,135.24
2020-Aug,01-08-2020,164.43,220.62,21.05,107.72,22.76,23.05,25.98,22.36,74.06,74.06,28.65,11.97,0.64,158.31,59.12,27.48,63.77,180.21,35.86,75.79,53.68,169.93,38.53,6.19,1.53,323.08,0.2,90.16,593.29,23.87,31.76,532.79,22.1,42.43,34.3,88.26,78.21,182.08,34.05,12.6,158.76,710.79,35.93,129.75,13.39,29.78,21.92,1208.74,37.06,36.41,14.01,164.74,12.16,209.97,52.37,0.59,314.36,10.39,47.58,347.6,24.53,240.82,58.34,96.37,38.05,547.14,28.44,55.33,3.08,22.01,277.95,10.01,14.29,7.2,970.1,64.42,48.3,7409.78,148.97,90.16,0.19,271.33,322.31,98.13,0.73,58.4,18.18,3.42,25.56,105.13,157.43,60.22,71.15,100.67,111.78,32.64,12.07,134.79
2020-Sep,01-09-2020,164.65,220.02,21.13,107.23,22.97,23.22,26.04,22.12,75.17,75.17,28.77,11.75,0.65,156.82,59.49,27.74,63.7,179.16,36.43,75.59,53.72,169.1,38.1,6.19,1.53,330.79,0.19,91.28,597.33,24.09,31.93,532.79,22.12,42.72,34.33,89.27,79.76,184.58,33.99,13.27,162.76,710.79,35.74,129.86,13.68,30.14,21.75,1216.52,37.43,36.67,14.56,165.27,12.04,210.47,52.41,0.6,316.89,10.4,47.62,348.2,24.66,245.07,58.49,96.58,38.08,550.04,28,56.02,3.05,22.01,276.79,9.97,14.33,7.17,985.58,65.07,48.18,7453.22,147.44,91.28,0.19,270.39,327.48,98.29,0.73,57.68,18.25,3.43,25.55,105.13,157.16,60.53,71.41,101.26,110.53,31.84,12.07,134.34
2020-Oct,01-10-2020,163.41,219.41,21.15,109.38,22.99,23.33,26.33,22.51,76.29,76.29,28.77,11.98,0.64,155.67,60.05,28.07,62.79,178.86,36.29,75.79,53.81,169.1,38.49,6.24,1.54,338.74,0.19,92.68,593.8,23.96,31.99,535.13,22.22,42.43,34.3,89.48,81.32,185.57,34.21,12.44,164,715.07,35.56,130.18,13.46,30.44,21.66,1214.79,37,37.64,14.77,166.2,12.04,211.31,53.31,0.59,316.89,10.31,47.62,347.3,24.5,246.19,58.49,96.44,38.08,555.86,27.47,55.79,3.01,22.06,274.87,9.93,14.37,7.22,991.96,62.21,48.22,7471.84,146.24,92.68,0.19,268.99,325.3,97.88,0.73,57.68,18.33,3.48,25.53,107.66,158.53,60.02,71.1,101.26,110.36,31.26,12.07,133.11
2020-Nov,01-11-2020,163.64,218.81,21.46,110.35,22.99,23.58,26.98,22.43,75.56,75.56,28.86,12.38,0.64,154.64,59.54,27.71,61.62,178.41,35.89,76.99,53.89,168.97,39.15,6.24,1.54,356.81,0.19,93.45,595.31,23.98,31.85,533.26,22.4,42.65,34.36,90.56,82.62,188.9,34.57,13.34,168.28,723.64,35.52,130.84,13.68,30.75,21.91,1231.22,37.31,36.67,14.84,167.39,12.05,212.64,52.12,0.61,318.58,10.31,47.2,348.5,24.77,250.67,58.68,97.16,38.4,565.54,27.8,56.35,3.06,22.18,273.9,9.93,14.38,7.24,1015.64,58.48,48.02,7546.31,145.16,93.45,0.19,269.23,326.66,98.21,0.73,57.94,18.3,3.48,25.83,110.46,161.26,60.12,71.72,102.13,110.27,31.22,12.65,132.89
2020-Dec,01-12-2020,165.56,221.02,21.36,113.27,23.35,23.48,28.22,22.49,76.09,76.09,28.94,13.23,0.65,153.96,60.47,27.15,63.44,179.31,36.29,77.06,53.89,169.93,38.88,6.2,1.54,373.43,0.19,94.49,597.84,23.85,32.1,537,22.75,43.08,34.42,91.36,86.12,195.89,34.87,13.04,172.84,732.83,35.74,132.26,13.58,30.62,21.75,1245.05,37.59,37.7,15.01,166.86,12.05,212.64,51.96,0.61,323.93,10.31,47.34,349.99,24.96,256.04,59.55,97.59,38.4,576.68,27.45,56.29,3.09,22.11,272.56,9.98,14.83,7.22,1054.81,54.71,47.9,7651.81,144.5,94.49,0.19,270.63,328.02,97.96,0.73,57.94,18.39,3.5,26.11,113.83,164,60.47,71.56,101.91,109.73,30.66,12.65,132.66
2021-Jan,01-01-2021,166.01,221.83,21.42,116.58,23.65,23.73,28.81,22.61,76.33,76.33,28.88,13.21,0.65,153.15,60.1,27.2,64.49,178.26,36.75,78,53.68,169.79,38.84,6.24,1.57,383.07,0.2,95.61,599.35,23.98,32.44,540.28,22.38,43.29,34.57,92.08,87.16,198.39,34.57,12.76,176.01,739.56,36.27,135.2,13.65,30.53,22.02,1255.43,37.68,37.17,15.13,168.18,12.03,213.98,53.31,0.6,325.62,10.32,47.34,349.99,25.25,259.84,61.1,98.32,38.81,596.04,27.52,56.68,3.07,22.16,273.33,9.98,15.01,7.26,1118.57,53.76,48.06,7775.93,143.63,95.61,0.19,270.86,328.84,99.09,0.73,58.4,18.28,3.51,26.11,114.58,168.25,60.47,71.87,102.13,110.44,30.86,12.74,131.09
2021-Feb,01-02-2021,165.33,223.84,21.48,115.51,23.69,23.78,29.22,22.98,76.96,76.96,29.02,13.11,0.66,157.39,60.98,27.6,66.63,179.46,36.8,79.07,53.64,170.34,39.11,6.27,1.57,396.08,0.22,96.59,603.9,23.78,32.33,540.75,22.32,43.97,34.54,92.8,90.01,201.05,34.76,13.09,176.43,753.64,36.36,137.05,13.71,30.75,22.17,1267.53,37.4,37.5,15.55,168.98,12.03,214.81,52.29,0.52,328.99,10.3,47.34,351.48,25.52,260.29,62.31,98.24,38.52,604.76,27.78,57.6,3.13,22.02,272.94,10.03,15.03,7.25,1103.09,51.65,48.22,7819.37,147.88,96.59,0.19,273.66,330.47,98.85,0.73,58.3,18.19,3.52,26.35,120.38,174.13,59.51,71.82,102.21,111.16,30.97,12.43,130.98
2021-Mar,01-03-2021,167.14,223.64,21.95,115.9,23.84,24.29,30.31,23.04,76.38,76.38,29.02,13.34,0.67,153.73,61.49,27.38,65.66,185.15,37.03,80.34,53.72,171.3,39.38,6.3,1.57,415.59,0.22,100.16,606.42,24.09,32.44,544.03,22.61,44.29,34.96,93.45,91.31,206.05,34.68,13.21,182.36,768.95,37.69,142.51,13.95,30.66,22.67,1295.2,37.56,37.44,15.77,168.71,11.96,214.64,53.68,0.52,334.62,10.31,47.37,358.33,26.05,267.45,65.74,99.33,38.72,616.86,28.22,58.95,3.17,22.09,272.36,10.1,15.06,7.25,1129.5,55.62,48.34,7937.28,144.18,100.16,0.2,275.05,331.83,99.09,0.73,59.03,18.33,3.53,26.09,127.39,178.38,59.96,72.18,102.5,111.51,30.73,12.38,131.09
2021-Apr,01-04-2021,168.15,224.85,21.99,117.46,24.35,23.93,30.2,23.35,77.59,77.59,29.36,13.5,0.67,153.38,61.44,27.41,66.24,186.8,37.63,82.28,54.28,173.77,39.77,6.3,1.59,440.17,0.22,101.98,601.37,24.31,32.33,546.84,22.46,44.58,34.93,94.6,90.4,209.54,35.17,13.43,186.78,783.64,38.9,144.79,13.72,30.9,23.22,1333.24,37.71,38,16.07,168.71,11.97,214.81,53.51,0.53,333.78,10.39,47.41,361.32,26.24,273.49,67,99.83,39.01,623.16,28.36,61.7,3.2,22.13,274.67,10.07,15.11,7.3,1171.4,58.21,48.86,8061.4,143.63,101.98,0.2,275.99,325.85,99.26,0.73,59.34,18.31,3.53,26.76,131.14,182.76,60.27,72.18,102.72,112.14,31.66,12.27,132.89
2021-May,01-05-2021,167.7,224.85,22.04,119.41,22.93,24.31,30.17,23.84,77.11,77.11,29.58,13.8,0.68,160.03,61.58,27.24,66.05,185.75,38.48,82.75,54.54,175.28,39.03,6.3,1.59,460.16,0.23,102.33,603.39,24.29,32.69,549.66,22.65,44.76,35.56,95.61,96.95,219.69,35.37,13.51,185.12,786.09,38.28,144.58,13.83,30.29,23.37,1360.05,37.77,37.67,16.24,170.7,11.97,216.81,53.72,0.53,334.34,10.33,47.48,360.42,25.87,271.26,66.42,99.76,38.66,622.19,28.2,63.94,3.19,22.39,276.02,10.13,15.19,7.33,1216.04,59.36,49.06,8160.69,150.38,102.33,0.2,278.32,325.3,100.47,0.73,59.76,18.33,3.54,26.95,127.02,185.22,60.93,72.39,102.43,112.23,32.3,12.49,134.01
2021-Jun,01-06-2021,167.03,227.07,21.93,119.12,23.5,24.18,30.23,23.88,76.29,76.29,29.77,13.85,0.68,158.54,62.18,27.64,66.11,186.5,38.7,83.49,55.01,173.64,40.24,6.4,1.61,444.5,0.22,101.28,608.44,24.45,32.77,553.4,23.16,44.79,36.25,96.62,98.76,220.53,35.39,13.05,182.78,785.48,38.77,145.01,13.94,30.83,23.26,1347.08,36.75,39.03,16.1,168.45,11.93,214.48,54.25,0.54,338.28,10.36,47.48,361.91,26.72,269.91,66.03,100.05,39.01,628,28.14,64.92,3.25,22.25,277.18,10.12,15.23,7.33,1220.59,60.62,49.14,8166.9,148.86,101.28,0.2,280.18,328.3,100.79,0.73,59.18,18.31,3.53,26.93,124.87,185.9,60.02,72.81,103.38,112.05,32.79,12.68,133.33
2021-Jul,01-07-2021,167.14,227.87,21.95,119.99,23.86,24.44,30.28,24.15,77.98,77.98,29.71,13.99,0.68,156.93,61.72,28.23,66.89,189.05,39.16,84.09,55.22,174.87,40.51,6.39,1.62,447.15,0.23,102.26,612.48,25.44,32.83,558.56,23.06,45.19,35.95,96.62,101.29,222.02,35.06,12.83,183.88,791.6,39.55,145.56,14.46,31,23.51,1347.08,36.57,40.06,15.88,171.62,12.01,217.81,55.1,0.54,340.81,10.54,47.41,365.49,26.94,271.7,65.6,101.13,39.33,633.33,28.62,66.37,3.17,21.92,275.06,10.09,15.24,7.36,1220.59,58.58,49.39,8210.34,147.12,102.26,0.2,282.28,330.47,102.08,0.73,59.24,18.33,3.52,26.9,126.37,188.23,59.81,73.07,103.82,112.85,33.68,13.3,132.44
2021-Aug,01-08-2021,167.48,227.67,22.3,120.87,23.69,24.4,30.58,24.17,77.74,77.74,29.92,14.34,0.69,152.7,62.18,28.4,67.02,188,38.62,84.56,55.74,175.97,40.36,6.38,1.62,454.62,0.21,104.22,615.01,25.55,33.53,560.43,23.34,45.69,35.83,97.77,101.94,224.02,35.37,13.1,186.09,797.72,38.4,144.47,14.88,30.96,23.66,1362.64,37.12,38.96,15.78,172.15,12.06,218.48,54.98,0.55,342.78,10.6,47.41,364,26.7,274.17,65.65,101.56,39.56,642.04,28.75,68.63,3.13,22.16,277.18,10.06,15.24,7.36,1237.9,57.08,49.71,8266.19,142.87,104.22,0.2,284.61,330.47,102.57,0.73,59.7,18.42,3.52,27.11,128.05,188.37,60.37,73.27,103.96,113.48,34.31,13.64,135.69
2021-Sep,01-09-2021,168.27,227.07,22.32,120.77,23.78,23.8,30.99,24.72,77.4,77.4,30.11,14.35,0.69,154.76,62.83,28.68,66.11,186.5,38.87,85.09,55.65,175.42,40.82,6.38,1.62,454.38,0.22,103.59,616.52,25.6,33.56,565.59,23.04,46.05,35.83,98.27,101.36,229.85,35.28,13.04,188.71,802.62,38.71,145.99,14.77,31.22,23.75,1373.01,37.12,39.53,15.78,173.34,11.99,219.65,55.47,0.55,343.35,10.6,47.41,362.51,27.04,277.3,67,101.49,40.08,645.43,28.75,68.34,3.14,22.23,280.64,10.06,15.34,7.43,1255.21,57.29,49.55,8315.84,144.83,103.59,0.2,284.61,332.38,104.18,0.73,59.55,18.39,3.54,27.4,129.26,190.83,60.53,74.47,105.43,113.21,34.48,13.69,141.98
2021-Oct,01-10-2021,168.04,228.48,22.41,120.29,23.76,24.7,31.94,24.97,77.54,77.54,30.33,14.48,0.68,158.19,62.23,29.13,66.89,189.5,38.96,87.71,56.38,176.25,41.14,6.4,1.65,451.25,0.22,105.62,620.56,25.71,33.67,564.18,23.08,46.05,35.83,98.63,102.2,237.84,35.23,14.63,194.92,822.21,39.61,149.59,14.4,31.82,23.64,1370.42,37.19,39.3,16,174.4,12.08,220.81,54.29,0.53,346.72,10.58,47.44,369.07,27.34,283.56,68.4,101.99,40.25,652.69,29.06,66.01,3.14,22.66,281.02,10.08,15.34,7.43,1310.77,57.19,49.67,8433.75,148.31,105.62,0.2,288.11,332.65,104.51,0.73,59.76,18.48,3.55,27.3,132.73,200.55,60.68,74.1,105.57,113.66,34.37,14.38,143.55
2021-Nov,01-11-2021,167.14,229.49,22.61,120.87,23.89,24.98,32.2,25.05,77.01,77.01,30.86,15.14,0.69,156.48,62.51,28.96,67.09,193.09,39.22,89.71,56.29,178.03,41.56,6.4,1.66,443.78,0.22,105.2,626.12,25.71,34.12,566.06,23.08,46.37,36.19,98.63,104.21,238.17,35.45,14.01,195.75,835.07,41.28,152.21,14.4,31.86,24.15,1362.64,37.22,39,16.1,174.93,12.06,221.31,54.25,0.53,346.72,10.59,47.51,373.54,27.79,285.58,69.86,102.5,40.57,668.67,29.04,64.73,3.14,22.49,282.37,10.23,15.41,7.43,1308.04,58.41,49.75,8477.19,146.57,105.2,0.2,289.97,336.18,104.83,0.73,60.33,18.85,3.53,27.67,134.97,205.34,60.53,74.05,105.57,113.57,34.31,15.12,140.85
2021-Dec,01-12-2021,167.48,228.68,22.59,121.55,24.33,25.47,32.2,25.27,78.37,78.37,31.25,15.37,0.69,156.59,63.16,29.13,65.59,190.4,40.86,89.78,57.06,180.09,41.84,6.4,1.66,433.9,0.22,107.92,626.62,25.4,34.43,567.46,23.22,46.8,36.19,99.64,105.12,239.33,35.61,14.23,193.68,837.52,42.24,153.95,14.58,32.02,24.29,1353.99,37.46,39.7,15.74,175.72,11.93,221.98,53.31,0.53,347.85,10.59,47.51,372.94,27.98,284.46,70.29,102.79,40.89,674,28.95,65.51,3.16,22.78,281.99,10.27,15.42,7.35,1292.55,59.56,49.83,8470.98,146.79,107.92,0.2,290.67,335.91,105.39,0.73,60.48,18.74,3.55,27.56,133.38,204.39,61.09,74.26,105.94,113.48,34.04,15.03,140.41
2022-Jan,01-01-2022,168.61,232.91,22.57,121.36,24.76,25.49,32.14,25.17,77.79,77.79,31.42,15.78,0.69,158.42,63.25,29.55,65.98,190.25,41.09,91.25,58.35,183.25,43,6.41,1.68,435.59,0.22,107.22,632.68,25.4,34.51,569.81,23.57,46.98,38.63,101.08,103.76,242.33,35.61,15.46,194.23,841.8,42.86,154.93,14.29,31.93,24.82,1356.59,37.77,40.06,15.78,176.12,12.11,222.48,54.49,0.54,351.23,10.74,47.48,375.03,27.93,284.91,70.19,102.35,41.07,678.84,29.11,65.58,3.18,22.92,283.14,10.35,15.44,7.34,1303.48,57.08,49.83,8514.43,148.64,107.22,0.21,290.91,341.9,106.52,0.73,60.22,18.83,3.56,28.68,131.7,206.58,61.65,74.31,105.94,113.57,33.91,15.4,139.96
2022-Feb,01-02-2022,171.54,234.52,22.55,122.04,24.72,25.66,32.76,25.58,77.35,77.35,31.42,16.3,0.69,160.94,63.11,29.43,66.57,192.34,41.09,92.12,59.85,183.8,43.39,6.42,1.69,458,0.21,108.2,634.19,25.82,34.82,571.68,23.22,46.98,38.63,100.94,103.63,248.65,35.83,15.73,194.1,852.21,43.11,156.24,14.58,31.82,24.76,1387.71,37.68,39.83,15.61,176.78,11.92,222.98,55.31,0.56,351.23,10.8,47.44,377.71,28.11,284.91,70.73,103.08,41.24,689.49,29.31,67.02,3.21,23.09,284.1,10.4,15.41,7.29,1339.92,56.3,50.15,8619.92,151.25,108.2,0.21,291.84,342.44,106.69,0.73,59.86,19.01,3.57,28.66,134.6,209.72,61.85,74.41,105.94,113.83,36.51,15.29,140.07
2022-Mar,01-03-2022,176.51,234.52,22.37,123.89,24.82,25.47,33.47,25.85,78.61,78.61,31.77,16.83,0.7,167.93,63.48,29.93,66.37,194.44,41.43,94.07,60.58,185.59,43.39,6.42,1.7,487.87,0.21,110.02,635.2,26.15,34.91,574.96,23.12,46.94,38.69,101.44,105.96,258.64,36.13,15.54,199.89,871.19,44.87,161.91,14.82,32.06,24.52,1432.67,37.52,39.6,15.3,176.91,11.92,223.32,54.82,0.56,354.6,10.95,47.48,380.69,28.49,290.95,73.58,104.16,42.69,696.76,29.42,69.09,3.22,23.21,288.92,10.39,15.54,7.64,1434.65,57.49,50.47,8830.92,157.9,110.02,0.21,294.87,340.26,107.25,0.73,60.17,19.04,3.6,28.94,140.11,213.69,61.39,74.52,106.23,113.3,37.06,15.74,139.84
2022-Apr,01-04-2022,180.01,234.52,23.13,127.69,24.74,25.45,34.15,26.17,79.67,79.67,32.29,17.4,0.72,168.96,63.34,30.44,65.72,199.83,42.85,95.67,60.96,189.02,44.05,6.63,1.71,507.63,0.21,108.55,636.72,26.18,35.19,582.46,23.3,47.69,38.51,103.53,109.27,259.97,36.41,15.95,203.35,892.01,47.19,167.58,14.39,32.23,25.35,1468.99,37.74,40.23,15.66,177.84,11.92,224.32,58.61,0.57,358.54,10.86,47.48,389.04,28.27,294.76,75.9,105.31,43.24,705.96,29.5,70.18,3.31,23.21,291.42,10.26,15.58,7.58,1468.35,60.68,50.67,8979.86,158.99,108.55,0.22,297.9,338.9,107.82,0.73,61,19.1,3.61,29.56,143.58,222.73,61.7,75.35,107.26,113.92,38.64,16.32,140.74
2022-May,01-05-2022,181.48,233.51,23.13,130.22,24.99,25.32,33.97,26.4,79.53,79.53,32.56,17.72,0.71,165.07,63.62,30.51,64.23,203.88,42.17,96.28,60.88,191.22,44.68,6.63,1.72,514.61,0.21,109.04,643.79,26.29,35.16,585.27,23.38,47.94,38.51,103.68,110.44,255.14,36.79,16.01,203.21,899.96,48.43,170.42,14.61,32.36,25.41,1476.77,37.96,40.03,15.77,179.03,11.93,225.65,59.14,0.57,357.98,10.88,47.55,393.21,28.52,295.43,76.39,102.21,43.96,719.03,29.81,67.98,3.27,23.18,292,10.23,15.63,7.55,1441.03,60.45,51.23,8998.48,154.96,109.04,0.22,300.93,343.26,108.06,0.73,61.11,19.26,3.63,29.82,142.17,228.07,61.9,75.4,107.4,114.55,37.89,16.23,141.75
2022-Jun,01-06-2022,181.37,234.93,23.19,131.1,24.95,25.47,34.56,26.38,79.38,79.38,33.36,17.29,0.73,159.91,64.18,30.98,64.81,208.22,43.42,96.68,61.86,196.85,45.14,6.68,1.73,493.17,0.2,109.81,645.3,26.31,35.24,586.21,23.61,48.05,38.45,102.74,107.52,249.32,36.71,16.49,201.14,907.92,48.24,169.87,14.35,32.4,25.28,1461.21,38.51,40.29,15.35,179.43,11.96,225.98,58.21,0.57,361.92,11.1,47.51,399.47,28.54,293.86,77.06,102.43,44.75,722.9,29.9,67.75,3.27,23.04,293.73,10.17,15.63,7.45,1366.33,64.52,51.23,8930.22,149.95,109.81,0.22,301.16,344.07,109.03,0.73,61.16,19.33,3.64,29.71,141.05,228.07,62.46,75.3,107.4,114.64,39.69,16.16,141.3
2022-Jul,01-07-2022,183.4,233.51,23.15,128.95,25.1,25.45,34.06,26.58,80.3,80.3,34.02,17.64,0.73,165.3,64.45,31.1,63.64,205.82,44.21,97.01,62.29,198.5,45.14,6.69,1.74,458.48,0.22,110.09,646.82,26.51,35.52,589.49,23.57,48.12,38.63,104.76,106.16,240.17,36.85,16.32,198.79,904.86,46.82,168.35,14.58,32.49,25.26,1437.86,38.82,41.42,15.22,179.96,11.96,227.15,58.9,0.57,358.54,10.88,47.51,398.58,28.65,293.41,77.02,103.29,44.95,713.22,29.84,67.94,3.28,23.2,301.62,10.19,15.73,7.36,1360.87,64.59,51.19,8886.78,155.39,110.09,0.22,300.7,346.25,110.32,0.73,61.37,19.52,3.65,30.21,136.75,226.84,62.82,76.02,108.21,114.19,39.46,16.41,141.19
2022-Aug,01-08-2022,185.09,235.33,23.21,131.1,25.29,25.68,33.38,26.17,79.48,79.48,34.11,17.71,0.72,169.53,64.92,31.1,64.62,205.38,44.33,96.01,62.51,199.05,45.22,6.68,1.74,449.08,0.22,109.95,641.26,26.88,35.24,590.89,23.91,48.33,38.9,105.19,104.8,236,37.01,15.6,194.51,897.52,45.74,168.45,14.99,32.83,25.62,1441.32,39.07,41.36,15.16,181.41,12.13,228.82,57.8,0.57,361.92,11.1,47.51,397.98,28.92,289.61,77.98,103.94,45.15,709.34,29.77,69.82,3.23,23.2,310.86,10.14,15.73,7.39,1356.31,63.33,51.51,8886.78,159.75,109.95,0.22,302.79,338.36,110.16,0.73,61.26,19.38,3.64,30.91,133.47,222.18,62.87,76.75,109.31,114.46,40.09,16.4,141.86
2022-Sep,01-09-2022,188.14,236.13,23.21,130.61,24.91,25.66,33.03,25.89,79.58,79.58,34.31,17.87,0.73,166.56,65.1,31.1,65.46,204.63,44.7,95.74,62.33,199.32,45.11,6.78,1.77,417.04,0.21,109.95,647.83,26.8,35.02,592.3,23.77,48.19,38.9,105.55,102.2,231.68,36.68,15.88,194.23,893.84,45.36,168.13,14.85,33.14,25.49,1411.92,39.01,41.39,15.15,181.68,12.71,229.49,58.33,0.57,363.61,11.12,47.51,397.39,28.81,289.83,77.89,103.44,44.92,699.66,29.59,68.07,3.27,23.49,313.75,10.15,15.72,7.29,1335.36,61.6,51.83,8824.72,156.81,109.95,0.23,303.49,344.07,110.72,0.73,61.16,19.45,3.67,30.98,132.63,219.17,62.92,76.64,109.38,114.55,40.95,16.43,142.87
2022-Oct,01-10-2022,189.95,235.93,23.33,127.88,25.01,25.49,32.26,25.48,79.48,79.48,34.04,18.18,0.72,165.98,65.47,31.31,65.33,204.78,45.07,95.94,61.91,203.31,44.99,6.77,1.77,417.52,0.22,109.25,646.82,26.86,35.33,592.77,23.95,48.19,38.93,103.89,101.81,234.84,36.85,16.07,194.1,895.68,44.93,166.6,14.59,33.01,25.24,1415.38,38.88,41.32,14.71,181.81,11.99,228.99,57.84,0.58,363.61,11.03,47.51,397.98,28.27,289.16,77.06,103.08,44.98,689.98,29.84,67.81,3.31,23.37,317.79,10.14,15.69,7.33,1326.26,60.62,52.08,8806.1,156.15,109.25,0.23,304.43,342.17,111.45,0.73,60.85,19.39,3.74,31.17,131.51,218.9,62.31,76.7,109.31,115.17,40.86,16.4,142.87
2022-Nov,01-11-2022,190.4,234.72,23.36,128.66,25.23,25.51,31.49,25.48,79.33,79.33,34.31,17.83,0.72,168.27,65.89,31.34,64.16,205.67,45.41,95.07,61.91,203.17,44.79,6.8,1.78,420.89,0.22,109.04,644.8,26.84,35.44,593.7,24.05,48.12,38.93,104.04,101.68,234.01,37.01,16.4,191.61,888.94,43.79,164.53,14.7,33.11,24.74,1423.16,38.88,41.16,14.29,182.08,12.01,229.32,57.8,0.59,362.76,11.05,47.51,400.37,28.33,286.7,76.68,103.15,44.69,674,29.57,69.65,3.25,23.54,319.71,10.1,15.67,7.22,1304.39,60.04,52.48,8768.87,158.66,109.04,0.23,302.33,342.44,112.26,0.73,60.9,19.56,3.73,31.8,128.42,216.43,62.41,77.06,109.82,115.17,40.51,16.58,143.77
2022-Dec,01-12-2022,192.77,235.13,23.36,128.95,25.23,25.45,31.14,25.78,80.4,80.4,34.71,17.61,0.72,175.38,65.94,30.98,65.2,206.12,46.6,94.47,61.61,202.35,44.25,6.77,1.77,406.44,0.21,110.3,646.31,26.84,35.61,591.83,24.4,47.83,39.26,104.33,101.36,238.33,37.07,16.19,191.61,881.6,42.8,161.8,14.61,32.75,24.04,1414.52,38.57,41.56,14.29,183.4,11.99,230.49,56.57,0.59,364.45,11.01,47.55,401.86,28.27,286.7,75.85,103.22,44.37,666.25,29.55,68.67,3.27,23.96,323.95,10.15,15.56,7.22,1304.39,58.68,52.68,8756.45,165.85,110.3,0.23,303.26,342.71,112.02,0.73,61.11,19.67,3.71,31.8,127.58,212.74,61.95,77.06,109.53,115.17,40.42,16.58,143.55
2023-Jan,01-01-2023,194.13,235.93,22.84,128.37,25.27,25.4,31.08,25.25,80.3,80.3,34.58,17.69,0.72,173.09,65.89,30.96,65.46,208.07,46.94,93.6,60.66,202.48,44.91,6.69,1.79,400.17,0.21,110.44,641.77,26.86,35.69,595.11,24.24,47.87,38.99,105.12,100.77,243.99,36.85,15.64,192.3,877.31,42.42,161.69,14.76,32.79,23.66,1410.19,38.64,41.75,14.07,184.06,12.46,231.49,58.86,0.6,366.14,11.02,47.55,403.35,28.3,287.82,76.1,103.22,44.17,663.83,29.68,68.83,3.27,23.71,329.15,10.11,15.52,7.18,1325.34,56.61,52.56,8775.07,163.56,110.44,0.23,300,341.9,112.58,0.73,61.11,19.77,3.71,31.71,129.08,208.77,61.8,76.7,109.16,115.8,40.24,16.71,142.65
2023-Feb,01-02-2023,197.29,235.33,22.8,128.08,25.38,25.43,31.35,25.48,80.59,80.59,34.65,17.48,0.72,176.18,66.59,30.96,64.75,208.07,46.57,92.59,60.28,201.52,44.68,6.69,1.78,392.46,0.23,110.65,641.77,26.95,35.92,598.39,24.46,47.66,39.2,105.84,103.56,245.82,37.2,15.3,192.44,874.25,42.77,161.37,14.76,32.98,23.43,1399.82,38.6,42.05,13.88,185.65,12.24,232.82,59.47,0.59,365.58,11.05,47.58,403.35,28.44,288.04,76.05,102.86,44.31,664.31,29.7,68.24,3.28,23.82,324.91,10.09,15.48,7.16,1338.1,56.1,53,8787.48,166.72,110.65,0.23,299.76,342.17,112.58,0.73,61.05,19.83,3.71,31.19,131.32,206.3,62.31,76.96,109.6,116.24,40.26,16.86,142.65
2023-Mar,01-03-2023,199.21,234.52,22.8,129.64,25.42,25.4,31.26,24.99,81.9,81.9,34.63,17.45,0.72,176.41,66.77,31.62,65.07,206.57,46.43,92.79,60.02,200.56,44.13,6.75,1.78,380.42,0.23,111.98,648.33,27.11,36,599.8,24.63,47.66,39.2,104.76,104.08,244.66,37.18,15.21,191.75,870.58,42.24,160.28,14.79,33.22,23.51,1390.31,38.98,42.42,13.67,188.96,12.22,236.16,58.82,0.59,364.45,10.91,47.58,401.26,28.3,287.15,75.71,103.15,44.63,662.38,29.68,67.94,3.29,23.66,324.33,10.13,15.49,7.15,1331.72,58.99,52.68,8768.87,166.93,111.98,0.23,300.7,347.61,113.07,0.73,61.21,20.32,3.76,31.99,129.55,205.34,62.36,76.96,109.82,116.24,39.73,16.54,141.98
2023-Apr,01-04-2023,200.68,236.74,22.82,129.25,25.59,25.49,31.46,25.33,82.19,82.19,34.4,17.3,0.73,182.71,66.4,32.09,66.24,207.02,46.51,92.06,58.52,199.87,44.29,6.73,1.81,374.4,0.22,111.98,646.31,27.11,35.78,601.67,24.71,47.87,39.35,104.25,104.41,244.33,37.78,15.7,191.34,863.84,43.35,160.5,14.95,32.77,23.35,1387.71,39.01,42.55,13.47,189.75,12.05,236.66,59.27,0.59,367.83,11.14,47.58,403.05,28.54,287.37,75.03,103.8,44.66,664.31,29.84,68.21,3.3,23.7,321.06,10.18,15.34,7.15,1323.52,61.5,53,8775.07,173.25,111.98,0.23,299.76,346.52,113.79,0.73,61.21,20.22,3.78,31.68,128.33,202.88,62.92,76.96,109.45,116.78,40.18,16.38,145.01
2023-May,01-05-2023,201.02,238.35,22.43,129.54,25.74,25.72,31.2,25.46,82.97,82.97,34.17,17.14,0.72,180.87,66.96,32.02,68.26,205.67,46.43,91.39,58.18,198.5,44.41,6.79,1.82,360.66,0.21,111.91,646.82,27.08,35.8,602.14,24.71,47.94,39.35,104.4,104.6,242.99,37.73,15.24,189.4,854.66,42.89,159.19,15.06,33.24,23.11,1373.88,39.13,42.09,13.2,190.01,12.05,236.83,59.63,0.59,367.27,11.18,47.58,401.56,28.7,285.58,74.6,104.59,44.83,658.02,29.7,67.09,3.33,23.84,320.87,10.03,15.32,7.03,1308.04,62.08,53.04,8725.42,171.62,111.91,0.23,300.23,346.79,113.87,0.73,61.31,20.15,3.8,32.18,126.65,199.05,62.97,76.96,109.82,116.51,40.02,16.38,146.02
2023-Jun,01-06-2023,201.7,238.35,22.43,128.76,25.82,25.47,30.52,25.35,84.08,84.08,34.4,16.74,0.73,180.65,66.73,32.18,67.74,205.82,46.57,90.38,57.41,198.22,44.72,6.82,1.81,349.34,0.21,111.98,645.3,27.02,35.75,599.8,24.6,48.12,39.5,104.47,104.02,240,37.67,15.3,188.85,844.25,42.42,156.57,15.19,32.92,22.86,1373.01,39.16,42.02,13.15,190.15,12.17,236.99,58.53,0.6,367.27,11.25,47.58,401.56,28.44,284.46,72.86,104.74,45.27,652.69,29.7,67.68,3.36,23.97,324.72,10.11,15.31,7.07,1289.82,64.69,53.04,8681.98,171.29,111.98,0.23,300,345.43,114.2,0.73,60.79,20.03,3.79,32.88,124.4,193.57,63.59,77.01,109.6,116.6,40.33,16.37,147.14
2023-Jul,01-07-2023,202.15,238.55,22.41,126.81,25.84,25.49,30.26,24.97,83.84,83.84,34.4,16.65,0.73,173.31,66.91,32.21,67.35,205.82,46.68,89.85,56.59,197.26,44.91,6.64,1.81,355.84,0.22,111.84,648.84,27.11,35.89,602.61,24.79,48.37,39.5,104.11,102.91,239.17,37.97,14.59,188.71,836.29,39.58,152.1,14.92,33.52,22.72,1382.53,39.53,41.79,13.19,190.41,12.17,237.49,60.17,0.63,368.39,11.4,47.58,401.26,28.73,284.24,71.02,104.16,45.24,648.34,29.81,68.4,3.4,23.89,328.57,10.2,15.49,7.07,1274.33,63.81,53.08,8657.16,163.89,111.84,0.23,299.3,349.78,114.52,0.73,60.79,19.94,3.78,33.11,122.34,190.42,64.1,76.85,109.97,116.69,39.35,15.76,147.36
2023-Aug,01-08-2023,201.92,240.57,22.37,129.83,25.93,26.35,30.52,24.33,83.55,83.55,34.23,16.7,0.73,177.21,66.82,32.11,67.28,205.97,46.29,89.91,56.94,194.24,44.99,6.64,1.81,355.36,0.2,111.98,647.83,27.11,36.11,602.14,24.69,48.37,41.12,102.67,102.66,239.17,37.97,14.54,188.85,834.46,38.71,151.55,15,33.33,22.84,1390.31,39.62,42.09,13.35,191.07,12.23,238.16,59.35,0.61,371.77,11.39,47.58,402.46,28.54,284.46,71.02,104.52,45.38,649.3,29.95,69.52,3.39,23.8,335.11,10.15,15.48,7.07,1280.71,62.01,53.48,8681.98,167.81,111.98,0.23,297.67,350.6,114.04,0.73,60.64,19.87,3.78,33.2,124.21,189.33,63.99,77.27,110.26,117.22,39.84,16.02,148.82
2023-Sep,01-09-2023,203.28,241.37,22.35,131,25.99,25.6,30.49,24.47,84.13,84.13,34.48,16.97,0.73,177.32,67.01,32.28,67.35,205.82,46.43,89.78,56.89,193.14,45.42,6.69,1.82,343.8,0.21,111.98,646.31,27.24,35.97,605.42,24.63,47.66,40.88,103.39,101.88,240.5,37.92,15.34,190.78,834.46,38.65,150.9,14.88,33.67,22.69,1386.85,39.41,42.22,13.11,193.98,12.26,241.16,59.88,0.6,369.52,11.49,47.87,402.46,28.57,286.47,70.49,105.67,45.44,650.27,29.86,69.65,3.4,23.87,339.92,10.17,15.43,6.99,1302.57,60.75,53.52,8713.01,168.02,111.98,0.24,297.43,348.7,114.84,0.73,60.59,19.97,3.78,33.93,124.21,190.29,63.18,76.96,110.26,117.14,40.4,15.79,150.96
2023-Oct,01-10-2023,203.61,241.98,22.39,128.86,26.04,25.68,30.43,25.6,84.27,84.27,34.4,17.17,0.72,175.72,66.82,32.4,68.13,207.92,46.4,89.65,56.98,195.34,45.14,6.64,1.81,340.67,0.22,111.56,644.8,27.24,36.06,604.01,24.75,47.91,41.24,103.61,102.27,239.5,37.75,15.31,189.26,836.29,38.62,151.01,14.92,34.15,23.05,1390.31,39.44,41.95,12.94,192.26,12.53,239.66,59.51,0.6,372.05,11.42,47.87,404.24,28.57,284.68,70.29,106.11,45.38,652.21,29.97,69.49,3.45,23.94,343,10.17,15.48,7.01,1295.28,61.91,53.76,8713.01,166.39,111.56,0.24,295.8,349.24,115.08,0.73,60.79,20.14,3.8,33.46,123,191.38,63.23,77.53,111.29,117.49,40.2,15.74,153.42
